:020000040800F2
:1080000000000120DDA401088160010899600108D9
:10801000B1600108C9600108E160010800000000CA
:10802000000000000000000000000000F9600108EE
:10803000FB60010800000000FD600108016101080B
:10804000CF620108D1620108CD620108D362010844
:10805000D5620108D7620108D9620108DB62010814
:10806000DD620108DF620108E162010811610108B7
:1080700015610108C9610108E3620108E5620108B0
:10808000E7620108E9620108EB620108ED6201089C
:1080900000000000EF620108F1620108F3620108CC
:1080A000F5620108F7620108F9620108FB62010844
:1080B000FD620108FF620108016301080363010812
:1080C0000563010807630108096301080B630108E0
:1080D000CD6101080D6301084D6201080F630108BD
:1080E0001163010813630108598F01081563010822
:1080F0001763010800000000000000001963010878
:108100001B6301081D630108918001081F630108BA
:10811000216301082363010825630108276301081F
:10812000296301082B6301082D6301082F630108EF
:0881300031630108336301080B
:1082000000A1C010020000000000000004A901004D
:048210001200000058
:1082200001F0FF01102A2BDB10F0070F08D010F827
:10823000013B013A8B422DD010F0070F42B3F6D12B
:10824000F0B441EA012141EA014122F007047FF044
:1082500000070023F0E80256083C85EA010586EA9B
:10826000010685FA47F5A3FA87F586FA47F6A5FAD7
:1082700087F68EB9EED1F0BC01F0FF0102F00702E3
:1082800032B110F8013B013A83EA010313B1F8D18E
:108290000020704701387047002D06BF354603386F
:1082A000073815F0010F07D1013015F4807F02BFA8
:1082B000013015F4C03F0130F0BC0138704700BFF9
:1082C000034613F8012B002AFBD1181A0138704716
:1082D00081F0004102E000BF83F0004330B54FEA77
:1082E00041044FEA430594EA050F08BF90EA020FE4
:1082F0001FBF54EA000C55EA020C7FEA645C7FEA77
:10830000655C00F0E2804FEA5454D4EB5555B8BF99
:108310006D420CDD2C4480EA020281EA030382EA0A
:10832000000083EA010180EA020281EA0303362D9C
:1083300088BF30BD11F0004F4FEA01314FF4801C6F
:108340004CEA113102D0404261EB410113F0004F81
:108350004FEA03334CEA133302D0524263EB430338
:1083600094EA050F00F0A780A4F10104D5F1200ED6
:108370000DDB02FA0EFC22FA05F2801841F1000131
:1083800003FA0EF2801843FA05F359410EE0A5F105
:1083900020050EF1200E012A03FA0EFC28BF4CF036
:1083A000020C43FA05F3C01851EBE37101F00045EC
:1083B00007D54FF0000EDCF1000C7EEB00006EEBF9
:1083C0000101B1F5801F1BD3B1F5001F0CD3490883
:1083D0005FEA30004FEA3C0C04F101044FEA4452DA
:1083E00012F5800F80F09A80BCF1004F08BF5FEA61
:1083F000500C50F1000041EB045141EA050130BD41
:108400005FEA4C0C404141EB0101013C28BFB1F552
:10841000801FE9D291F0000F04BF01460020B1FA9D
:1084200081F308BF2033A3F10B03B3F120020CDA70
:108430000C3208DD02F1140CC2F10C0201FA0CF04E
:1084400021FA02F10CE002F11402D8BFC2F1200CB3
:1084500001FA02F120FA0CFCDCBF41EA0C01904069
:10846000E41AA2BF01EB0451294330BD6FEA0404B2
:108470001F3C1CDA0C340EDC04F11404C4F120029D
:1084800020FA04F001FA02F340EA030021FA04F3AF
:1084900045EA030130BDC4F10C04C4F1200220FA06
:1084A00002F001FA04F340EA0300294630BD21FA44
:1084B00004F0294630BD94F0000F83F4801306BF0A
:1084C00081F480110134013D4EE77FEA645C18BFFE
:1084D0007FEA655C29D094EA050F08BF90EA020F95
:1084E00005D054EA000C04BF1946104630BD91EA8D
:1084F000030F1EBF0021002030BD5FEA545C05D190
:108500004000494128BF41F0004130BD14F58004CE
:108510003CBF01F5801130BD01F0004545F0FE4142
:1085200041F470014FF0000030BD7FEA645C1ABF77
:10853000194610467FEA655C1CBF0B46024650EAAE
:10854000013406BF52EA033591EA030F41F40021DA
:1085500030BD00BF90F0000F04BF0021704730B560
:108560004FF4806404F132044FF000054FF0000135
:1085700050E700BF90F0000F04BF0021704730B5F6
:108580004FF4806404F1320410F0004548BF4042CB
:108590004FF000013EE700BF42004FEAE2014FEA20
:1085A00031014FEA02701FBF12F07F4393F07F4FFB
:1085B00081F06051704732F07F4208BF704793F0FE
:1085C0007F4F04BF41F40021704730B54FF4607411
:1085D00001F0004521F000411CE700BF50EA010214
:1085E00008BF704730B54FF000050AE050EA0102BD
:1085F00008BF704730B511F0004502D5404261EB2D
:1086000041014FF4806404F132045FEA915C3FF46D
:10861000D8AE4FF003025FEADC0C18BF03325FEA0A
:10862000DC0C18BF033202EBDC02C2F1200300FABB
:1086300003FC20FA02F001FA03FE40EA0E0021FAE0
:1086400002F11444BDE600BF70B54FF0FF0C4CF4CE
:10865000E06C1CEA11541DBF1CEA135594EA0C0F80
:1086600095EA0C0F00F0DEF82C4481EA030621EABB
:108670004C5123EA4C5350EA013518BF52EA0335F6
:1086800041F4801143F4801338D0A0FB02CE4FF0A8
:108690000005E1FB02E506F00042E0FB03E54FF0D8
:1086A0000006E1FB03569CF0000F18BF4EF0010ED0
:1086B000A4F1FF04B6F5007F64F5407404D25FEACC
:1086C0004E0E6D4146EB060642EAC62141EA55517F
:1086D0004FEAC52040EA5E504FEACE2EB4F1FD0CC1
:1086E00088BFBCF5E06F1ED8BEF1004F08BF5FEA3F
:1086F000500E50F1000041EB045170BD06F00046F1
:1087000046EA010140EA020081EA0301B4EB5C049D
:10871000C2BFD4EB0C0541EA045170BD41F4801195
:108720004FF0000E013C00F3AB8014F1360FDEBFBA
:10873000002001F0004170BDC4F10004203C35DA96
:108740000C341BDC04F11404C4F1200500FA05F319
:1087500020FA04F001FA05F240EA020001F00042BA
:1087600021F0004110EBD37021FA04F642EB060130
:108770005EEA430E08BF20EAD37070BDC4F10C045A
:10878000C4F1200500FA04F320FA05F001FA04F21E
:1087900040EA020001F0004110EBD37041F100010A
:1087A0005EEA430E08BF20EAD37070BDC4F1200515
:1087B00000FA05F24EEA020E20FA04F301FA05F27D
:1087C00043EA020321FA04F001F0004121FA04F225
:1087D00020EA020000EBD3705EEA430E08BF20EAF5
:1087E000D37070BD94F0000F0FD101F0004640002F
:1087F00041EB010111F4801F08BF013CF7D041EAB1
:10880000060195F0000F18BF704703F000465200B4
:1088100043EB030313F4801F08BF013DF7D043EA85
:108820000603704794EA0C0F0CEA135518BF95EA3B
:108830000C0F0CD050EA410618BF52EA4306D1D1C2
:1088400081EA030101F000414FF0000070BD50EAE1
:10885000410606BF1046194652EA430619D094EA6B
:108860000C0F02D150EA013613D195EA0C0F05D155
:1088700052EA03361CBF104619460AD181EA0301A9
:1088800001F0004141F0FE4141F470014FF0000061
:1088900070BD41F0FE4141F4780170BD70B54FF0FC
:1088A000FF0C4CF4E06C1CEA11541DBF1CEA13557C
:1088B00094EA0C0F95EA0C0F00F0A7F8A4EB05045E
:1088C00081EA030E52EA03354FEA013100F0888055
:1088D0004FEA03334FF0805545EA131343EA12631E
:1088E0004FEA022245EA111545EA10654FEA0026D3
:1088F0000EF000419D4208BF964244F1FD0404F58C
:10890000407402D25B084FEA3202B61A65EB0305E7
:108910005B084FEA32024FF480104FF4002CB6EBA4
:10892000020E75EB030E22BFB61A754640EA0C0024
:108930005B084FEA3202B6EB020E75EB030E22BF64
:10894000B61A754640EA5C005B084FEA3202B6EBA5
:10895000020E75EB030E22BFB61A754640EA9C0064
:108960005B084FEA3202B6EB020E75EB030E22BF34
:10897000B61A754640EADC0055EA060E18D04FEAF2
:10898000051545EA16754FEA06164FEAC30343EA92
:1089900052734FEAC2025FEA1C1CC0D111F4801F5F
:1089A0000BD141EA00014FF000004FF0004CB6E758
:1089B00011F4801F04BF01430020B4F1FD0C88BFF7
:1089C000BCF5E06F3FF6AFAEB5EB030C04BFB6EB02
:1089D000020C5FEA500C50F1000041EB045170BDF5
:1089E0000EF0004E4EEA113114EB5C04C2BFD4EB22
:1089F0000C0541EA045170BD41F480114FF0000EA6
:108A0000013C90E645EA060E8DE60CEA135594EA21
:108A10000C0F08BF95EA0C0F3FF43BAF94EA0C0F24
:108A20000AD150EA01347FF434AF95EA0C0F7FF499
:108A300025AF104619462CE795EA0C0F06D152EAED
:108A400003353FF4FDAE1046194622E750EA4106D1
:108A500018BF52EA43067FF4C5AE50EA41047FF4E2
:108A60000DAF52EA43057FF4EBAE12E74FF0FF3C47
:108A700006E000BF4FF0010C02E000BF4FF0010C18
:108A80004DF804CD4FEA410C7FEA6C5C4FEA430C91
:108A900018BF7FEA6C5C1BD001B050EA410C0CBFE0
:108AA00052EA430C91EA030F02BF90EA020F002042
:108AB000704710F1000F91EA030F58BF994208BFA9
:108AC00090422CBFD8176FEAE37040F00100704766
:108AD0004FEA410C7FEA6C5C02D150EA013C07D1BD
:108AE0004FEA430C7FEA6C5CD6D152EA033CD3D008
:108AF0005DF8040B704700BF8446104662468C4602
:108B00001946634600E000BF01B5FFF7B7FF002834
:108B100048BF10F1000F01BD4DF808EDFFF7F4FF5D
:108B20000CBF012000205DF808FB00BF4DF808EDE8
:108B3000FFF7EAFF34BF012000205DF808FB00BF0B
:108B40004DF808EDFFF7E0FF94BF012000205DF82D
:108B500008FB00BF4DF808EDFFF7CEFF94BF0120E2
:108B600000205DF808FB00BF4DF808EDFFF7C4FFDB
:108B700034BF012000205DF808FB00BF4FEA410C24
:108B80007FEA6C5C02D150EA013C0AD14FEA430C07
:108B90007FEA6C5C02D152EA033C02D14FF0000044
:108BA00070474FF0010070474FEA410212F5001282
:108BB00015D211D56FF47873B3EB625212D94FEA24
:108BC000C12343F0004343EA505311F0004F23FA0E
:108BD00002F018BF404270474FF00000704750EA63
:108BE000013005D111F0004008BF6FF00040704720
:108BF0004FF00000704700BF4A0011D212F500127A
:108C000011D20DD56FF47873B3EB62520ED44FEAE4
:108C1000C12343F0004343EA505323FA02F0704764
:108C20004FF00000704750EA013002D14FF0FF30A2
:108C300070474FF0000070474FEA4102B2F1E04345
:108C400024BFB3F5001CDCF1FE5C0DD901F0004C33
:108C50004FEAC0024CEA5070B2F1004F40EB830083
:108C600008BF20F00100704711F0804F21D113F1AF
:108C70003872BCBF01F00040704741F480114FEAE8
:108C80005252C2F11802C2F1200C10FA0CF320FA71
:108C900002F018BF40F001004FEAC1234FEAD3238E
:108CA00003FA0CFC40EA0C0023FA02F34FEA4303F8
:108CB000CCE77FEA625307D150EA01331EBF4FF081
:108CC000FE4040F44000704701F0004040F0FE409C
:108CD00040F40000704700BF4FF0FF3C06E000BFCB
:108CE0004FF0010C02E000BF4FF0010C4DF804CD35
:108CF0004FEA40024FEA41037FEA226C18BF7FEA45
:108D0000236C11D001B052EA530C18BF90EA010F46
:108D100058BFB2EB030088BFC81738BF6FEAE170D5
:108D200018BF40F0010070477FEA226C02D15FEA71
:108D3000402C05D17FEA236CE4D15FEA412CE1D0DD
:108D40005DF8040B704700BF844608466146FFE7A4
:108D50000FB5FFF7C9FF002848BF10F1000F0FBD86
:108D60004DF808EDFFF7F4FF0CBF012000205DF87F
:108D700008FB00BF4DF808EDFFF7EAFF34BF012004
:108D800000205DF808FB00BF4DF808EDFFF7E0FF9D
:108D900094BF012000205DF808FB00BF4DF808EDEE
:108DA000FFF7D2FF94BF012000205DF808FB00BF51
:108DB0004DF808EDFFF7C8FF34BF012000205DF833
:108DC00008FB00BF53B94AB9002908BF00281CBFDF
:108DD0004FF0FF314FF0FF3000F00CB8ADF1080C50
:108DE0006DE904CE15F03CFEDDF804E0DDE9022378
:108DF00004B07047704700BF80F0004002E000BF41
:108E000081F0004142001FBF5FEA410392EA030F75
:108E10007FEA226C7FEA236C6AD04FEA1262D2EBBF
:108E20001363C1BFD218414048404140B8BF5B42C4
:108E3000192B88BF704710F0004F40F4000020F05D
:108E40007F4018BF404211F0004F41F4000121F073
:108E50007F4118BF494292EA030F3FD0A2F10102BD
:108E600041FA03FC10EB0C00C3F1200301FA03F1FB
:108E700000F0004302D5494260EB4000B0F5000F1E
:108E800013D3B0F1807F06D340084FEA310102F1DD
:108E90000102FE2A51D2B1F1004F40EBC25008BF8F
:108EA00020F0010040EA03007047490040EB000059
:108EB000013A28BFB0F5000FEDD2B0FA80FCACF15A
:108EC000080CB2EB0C0200FA0CF0AABF00EBC25087
:108ED00052421843BCBFD0401843704792F0000F75
:108EE00081F4000106BF80F400000132013BB5E7C8
:108EF0004FEA41037FEA226C18BF7FEA236C21D03E
:108F000092EA030F04D092F0000F08BF08467047A2
:108F100090EA010F1CBF0020704712F07F4F04D170
:108F2000400028BF40F00040704712F100723CBF83
:108F300000F50000704700F0004343F0FE4040F4AD
:108F4000000070477FEA226216BF08467FEA23636B
:108F50000146420206BF5FEA412390EA010F40F456
:108F6000800070474FF0000304E000BF10F00043A2
:108F700048BF40425FEA000C08BF704743F0964389
:108F800001464FF000001CE050EA010208BF7047A4
:108F90004FF000030AE000BF50EA010208BF70472B
:108FA00011F0004302D5404261EB41015FEA010C40
:108FB00002BF84460146002043F0B64308BFA3F138
:108FC0008053A3F50003BCFA8CF2083AA3EBC2531A
:108FD00010DB01FA02FC634400FA02FCC2F1200239
:108FE000BCF1004F20FA02F243EB020008BF20F070
:108FF0000100704702F1200201FA02FCC2F12002D6
:1090000050EA4C0021FA02F243EB020008BF20EACA
:10901000DC7070474FF0FF0C1CEAD0521EBF1CEAF8
:10902000D15392EA0C0F93EA0C0F6FD01A4480EAE6
:10903000010C400218BF5FEA41211ED04FF00063CF
:1090400043EA501043EA5111A0FB01310CF00040FB
:10905000B1F5000F3EBF490041EAD3715B0040EA21
:10906000010062F17F02FD2A1DD8B3F1004F40EBF1
:10907000C25008BF20F00100704790F0000F0CF0C4
:10908000004C08BF49024CEA502040EA51207F3A88
:10909000C2BFD2F1FF0340EAC250704740F4000063
:1090A0004FF00003013A5DDC12F1190FDCBF00F054
:1090B00000407047C2F10002410021FA02F1C2F102
:1090C000200200FA02FC5FEA310040F1000053EA9E
:1090D0004C0308BF20EADC70704792F0000F00F0EC
:1090E000004C02BF400010F4000F013AF9D040EAF2
:1090F0000C0093F0000F01F0004C02BF490011F486
:10910000000F013BF9D041EA0C018FE70CEAD15383
:1091100092EA0C0F18BF93EA0C0F0AD030F0004C03
:1091200018BF31F0004CD8D180EA010000F00040B7
:10913000704790F0000F17BF90F0004F084691F075
:10914000000F91F0004F14D092EA0C0F01D14202AF
:109150000FD193EA0C0F03D14B0218BF084608D178
:1091600080EA010000F0004040F0FE4040F40000C2
:10917000704740F0FE4040F4400070474FF0FF0C55
:109180001CEAD0521EBF1CEAD15392EA0C0F93EA9C
:109190000C0F69D0A2EB030280EA010C49024FEAEE
:1091A000402037D04FF0805343EA111143EA1013A7
:1091B0000CF000408B4238BF5B0042F17D024FF45F
:1091C000000C8B4224BF5B1A40EA0C00B3EB510F3A
:1091D00024BFA3EB510340EA5C00B3EB910F24BF23
:1091E000A3EB910340EA9C00B3EBD10F24BFA3EBA8
:1091F000D10340EADC001B0118BF5FEA1C1CE0D170
:10920000FD2A3FF650AF8B4240EBC25008BF20F022
:10921000010070470CF0004C4CEA50207F32C2BF76
:10922000D2F1FF0340EAC250704740F400004FF013
:109230000003013A37E792F0000F00F0004C02BF44
:10924000400010F4000F013AF9D040EA0C0093F00E
:10925000000F01F0004C02BF490011F4000F013B68
:10926000F9D041EA0C0195E70CEAD15392EA0C0FD0
:1092700008D142027FF47DAF93EA0C0F7FF470AF08
:10928000084676E793EA0C0F04D14B023FF44CAF4B
:1092900008466EE730F0004C18BF31F0004CCAD1E0
:1092A00030F000427FF45CAF31F000437FF43CAF1C
:1092B0005FE700BF4FEA4002B2F1FE4F0FD34FF01D
:1092C0009E03B3EB12620DD94FEA002343F0004333
:1092D00010F0004F23FA02F018BF404270474FF0E1
:1092E0000000704712F1610F01D1420205D110F068
:1092F000004008BF6FF0004070474FF0000070471B
:1093000042000ED2B2F1FE4F0BD34FF09E03B3EBEF
:10931000126209D44FEA002343F0004323FA02F01B
:1093200070474FF00000704712F1610F01D1420207
:1093300002D14FF0FF3070474FF00000704700BF80
:109340000348044B834202D0034B03B118477047D4
:109350004004002040040020000000000548064BA7
:109360001B1AD90F01EBA301491002D0034B03B123
:10937000184770474004002040040020000000000F
:1093800010B5064C237843B9FFF7DAFF044B13B14D
:109390000448AFF300800123237010BD4004002077
:1093A00000000000C4EE010808B5054B1BB10549DB
:1093B0000548AFF30080BDE80840FFF7CFBF00BF0E
:1093C0000000000044040020C4EE0108014B1868AE
:1093D000704700BFE0340020064A137843F00403CE
:1093E0001370054BD3F8483313B11B6903B1184709
:1093F000704700BF54290020E8290020024B1A883A
:1094000010431880704700BF2807002037B500239D
:10941000044601A8009300F045F86D46009095E8D9
:10942000030084E80300204603B030BD024B986877
:10943000024BC0431860704700280040A42600205B
:10944000014B1868704700BFA4260020034B044A54
:109450009B681068DB43181A704700BF0028004063
:10946000A4260020034B187810B1034B9868C04322
:10947000704700BFE026002000280040032070470E
:1094800008B501464FF47A7200238002890DFFF778
:1094900099FC08BD4FF47A73A0FB0303800A40EAED
:1094A00083507047094B0A4A9B6810B5DB43D2F8DA
:1094B00008414FF47A71C3F30902A2FB0121920A19
:1094C0009B0A028043EA845010BD00BF0028004080
:1094D00000B00040014BC3F80001704700B00040ED
:1094E000014BC3F80401704700B00040014BD3F8B2
:1094F0000001704700B00040014BD3F804017047F1
:1095000000B00040014B1868704700BFA026002043
:109510000A4BD3E900210A4308D10949D1F8802533
:1095200012BA5A60D1F8842512BA1A60D3E900231E
:10953000C0F81E20C0F82230704700BF98260020D7
:109540000070FF1F70470000014B01221A70704726
:10955000E80C002010B50B4C0346A34209D9A342E6
:10956000184605D80278303A092A03F10103F6D8E3
:1095700010BD1A4612F8011B30390929EFD81346DD
:10958000EBE700BFBA110020A0F13003092B01D88E
:10959000D8B27047044B1B5C03F00303012B08BFD8
:1095A00020305738C0B27047F122020838B501EBBD
:1095B0004202441E0878FFF7E7FF05464878FFF7A8
:1095C000E3FF023140EA05108A4204F8010FF1D1AD
:1095D00038BD0B7803704B7843708B788370CB78F1
:1095E000C3700B7903714B7943718B798371CB799C
:1095F000C3710B7A03724B7A43728B7A8372CB7A84
:10960000C3720B7B03734B7B43738B7B8373CB7B6B
:10961000C373704770B50A7803782E4C5340427F6D
:10962000A25C53400370837F4278E35C53404370F5
:10963000C37F8278E35C53408370037FC278E35C2E
:109640005340C3700A78D30903EB430303EBC3030E
:1096500083EA42030B700246034600F10C011579C0
:10966000167875401571567855797540557196780C
:10967000957975409571D678D5797540D571043254
:109680008A42ECD1027B057CA25C6A400274427B78
:10969000457CA25C6A404274827B857CA25C6A4005
:1096A0008274C27BA25CC47C6240C2741A7D187C46
:1096B00042401A75587C5A7D42405A75987C9A7D72
:1096C00042409A75D87CDA7D4240DA7504338B4289
:1096D000ECD170BD6EF401080A4B1A6870B5002316
:1096E00002F1100503EB03142E5D864204D1103401
:1096F00022440A60002070BD01330A2BF2D10320FE
:10970000F9E700BF98340020024B01225A70024B47
:109710005B6918475806002058010020014B187853
:10972000704700BF58060020014B5878704700BFB3
:109730005806002070470000044B054A93F8043196
:10974000022B18BF062382F894347047082F00209C
:10975000E8290020054AD2F81E300360D2F82230F2
:1097600043600146082202480EF006B9E0340020AA
:10977000F5FC01081FB50A4B8DF8090093F8742019
:109780008DF80A2093F8802093F840000D3202A94A
:109790008DF8082008F0BCFEC0B205B05DF804FBEF
:1097A000082F00200B4600F1006101F57E311846BC
:1097B00012F0F8BD38B50E4D0E4CA0B199B128602D
:1097C000E16001230C490D48627223700EF050F9DC
:1097D00000250B482582202229460AF0AFFC65703F
:1097E000A574A58638BD00232B602370F0E700BF69
:1097F0009006002058060020099700084006002027
:109800006C06002010B509480FF004FC084B93F8D3
:109810001E2412B1012283F81D24D3F8483323B14A
:109820001B6913B1BDE81040184710BDEC2D002096
:10983000E829002010B50C4CD4F8403343F08003E5
:10984000C4F8403394F81E3413B10020FFF7DAFF58
:1098500094F8953423F0220343F0220384F89534DE
:10986000BDE81040FFF768BFE82900200F4890F8D6
:109870001F3480F8B8330E4B93F8612080F8BB2377
:1098800093F8752080F8C82393F8802080F8C923C6
:1098900093F81C3180F8CC330022A0F8CA2300F5DD
:1098A0006E7100F560700FF0DBBB00BFE82900208F
:1098B000082F0020114890F89434EBB190F81F3431
:1098C00080F8D0330E4B5A6EC0F8D42393F875202D
:1098D00080F8E02393F8802080F8E12393F81C318E
:1098E00080F8E4334FF48072A0F8E22300F574713D
:1098F00000F566700FF0B4BB704700BFE829002088
:10990000082F0020F0B5294F294D97F9042095F82C
:1099100000C0284B284E8FB00C4602284FF00101A2
:109920008DF800108DF8052011D19871DC7100239D
:109930008DF80400C6F840332B7803B114B16846A3
:109940000AF002FC1D4B049A1A600FB0F0BD8DF8AE
:109950000410997100211A715971DC71BCF1000F6A
:1099600018D11F2305A88DF814308DF818200AF09F
:10997000F5FC20238DF8143005A83B798DF81830BC
:109980000AF0ECFC29238DF8143005A80C4B069343
:109990000AF0E4FC0023C6F8403305A801238DF843
:1099A00014308DF818300AF0D9FCC5E7CC3400200B
:1099B000A034002020010020E829002024070020F6
:1099C000000400017FB5092301A88DF804300AF0D6
:1099D000BBFB0038044B059A1A6018BF01204042B7
:1099E00007B05DF804FB00BF2407002000F1006011
:1099F00000F57E300CF010BA08B5054B0122DA658F
:109A00000EF094F8034B4FF0FF321A63002008BDAC
:109A100000280040A8260020F8B5164D2E783EBB41
:109A2000154C4FF0FF372763FFF7E6FF0EF07EF887
:109A300094F82C302763012B12D0022384F82D30A8
:109A40000E4BCA225A6253225A629A6942F020028D
:109A50009A61FF225A62012384F82D3084F82C6029
:109A6000074B0022C3F80821FFF7E0FC01232B700D
:109A70000020F8BDE0260020A82600200028004095
:109A800000B0004070B504460B46164962784A7033
:109A90000020A2780A7208701A884A729A788A722C
:109AA000DB780B746368CB60237803F0FB030A2B2D
:109AB00003D00D4B1B68DB6A98470C4E002556F807
:109AC000043B1BB15B6A0BB1204698470135EBB2F2
:109AD000052B6DB2F3D12378062B02BF044B012274
:109AE0001A7070BDF00000209C340020EC2600208D
:109AF000C834002070B504461048114E012303708D
:109B000063784370A3788372E368C360E378037675
:109B100023694376237943720A4B1B689B6A9847F3
:109B2000002556F8043B1BB19B690BB120469847B2
:109B30000135EBB2052B6DB2F3D170BD04010020ED
:109B4000EC2600209C340020F0B50B4646782249D4
:109B500001228DB004460A704E70002E39D1027970
:109B60000A721A884A729A788A72DB780B740369CF
:109B7000CB60C378194D8DF80430037B8DF8053028
:109B8000836802932B6801A8DB6A98472B689B6B5C
:109B900013B1227E02B19847114F002557F8043BBC
:109BA0001BB1DB690BB1204698470135EBB2052BA1
:109BB0006DB2F3D1002303A88DF80C3009F06CF8D6
:109BC00008B99DF810606379012B02D10EB9054ADE
:109BD00013700DB0F0BD00BFF00000209C340020D9
:109BE000EC260020C83400200CF066B97F200DF070
:109BF00007BB0AF0B7BE00002DE9F0478C4C237874
:109C00008CB0002B53D0C2780AB9837B13B1238A5E
:109C100001332382437B002B49D0E02A47D1002324
:109C2000A372876897F80080B8F1220F27D8B8F19F
:109C3000220F30D8DFE818F03E00F8004F00550042
:109C40005C006900700089009800AF00C2002F001E
:109C50002F002F002F002F002F002F002F002F008C
:109C60002F002F002F002F002F002F002F002F007C
:109C70002F002F002F002F00C400CC00D000B8F11F
:109C80007E0F00F0C980B8F17F0F00F0DB80B8F1E3
:109C90007D0F00F0A780A57A002D00F05781654860
:109CA0004FF47A710FF0FAF962480FF013F90CB023
:109CB000BDE8F087E36801220021A2721970A37A3F
:109CC000E1689818A0720620C854A37AE168981831
:109CD000A072CA54DFE7584B01219B6A02209847C3
:109CE000D9E77B7884F83630012384F83530D2E721
:109CF00004238DF804307B78003B18BF012301A8B2
:109D00008DF808300AF02AFBC5E77878003818BFCC
:109D1000012009F08DFBBEE7484E0FCE01AD0FC507
:109D20000FCE0FC596E8070085E807007B780A2B61
:109D3000B1D8434A12685268002AACD00CA901EB92
:109D4000830353F82C0C9047A5E77878431E012B2A
:109D5000A1D83B4B01381B6818BF012020729B68BB
:109D6000002B98D0984796E7E26801230821A37258
:109D70001170627A057BA17AAA4228BF2A469342D3
:109D800089D285685A1CEB5CE56801334E1CA672CB
:109D90006B54D3B2EDE7E3680122A27209221A7074
:109DA000A37AE268218A581CA072D154A27A238A2D
:109DB000E1681B0A501CA0728B546CE723826AE78F
:109DC00004238DF804300DEB03000AF0BDF962E7BF
:109DD000194BDB6A98475EE7194B78781B6860750A
:109DE000DB68BDE7037B072B7FF455AF05238DF8B8
:109DF0000430B7F80130ADF808307B793A791B04AC
:109E000043EA0223FA781343642253430393BB7952
:109E10008DF8103001A8D8E7392201A88DF8042068
:109E20008DF808300AF09AFA012384F8343032E7CA
:109E3000580600204006002058010020E0EE0108EE
:109E4000900600202A2301A88DF8043008F024FF92
:109E500094F80A90E6689DF808009DF809509DF86E
:109E60000A709DF80BC09DF80D309DF80E209DF8EE
:109E70000F109DF80CE009F1010A84F80AA006F819
:109E80000980354E94F80A903668D4F80C8009F1B0
:109E9000010A84F80AA096F803A008F809A094F82B
:109EA0000A90D4F80C8009F1010A84F80AA096F807
:109EB00002A008F809A094F80A90D4F80C8009F1DF
:109EC000010A84F80AA096F801A008F809A094F8FD
:109ED0000A9009F1010A84F80AA096F80080E66861
:109EE00006F8098094F80A80E66808F1010984F808
:109EF0000A9006F808C094F80AC0E6680CF1010858
:109F000084F80A8006F80C70A77AE66807F1010C5D
:109F100084F80AC0F555A57AE6686F1CA7727055DB
:109F2000A07AE568461CA6722954A17AE0684D1C07
:109F3000A5724254A27AE168501CA0728B54A37A95
:109F4000E268591CA17202F803E0A4E603480FF08E
:109F500061F86570ABE600BF900600204006002067
:109F60000D4B70B54FF480620C4C9A62256840F638
:109F7000B7360BF093FF28B10EF062F923685B1B34
:109F8000B34204D9044B4FF480629A6170BD322011
:109F90000BF0D4FFEDE700BF00040048A02600202E
:109FA0002E4B07B54FF480629A612D4B9B7E33B9DF
:109FB0004FF0904304229A624FF400729A61294A4A
:109FC0002949022393710B6823F040030B604FF083
:109FD000B0414FF480204B6E23F001034B66234BBE
:109FE000C3F88400BFF34F8FBFF36F8F2048D0F8C2
:109FF000903023F48053C0F890301E4B986820F4C2
:10A00000006098604FF400609861D1F8943043F498
:10A010000043C1F89430184B1B681C204343DB0CF1
:10A02000642043430193019B5BB9012393600021AA
:10A030009160517191716BB1104A152301200BF0A1
:10A0400049FA019B013B0193D1F894305B04EAD5B6
:10A050000023ECE703B05DF804FB00BF00040048F8
:10A06000E0340020000D00200000015800E100E075
:10A0700000080058000400584C01002006FD0108AB
:10A0800010B50024204601340DF0FAF8322CF9D135
:10A09000024B0020C3E90000986010BDEC0C0020CA
:10A0A0000FB400B5A3B024AB802153F8042B019367
:10A0B00002A814F029FB011E02DB02A80BF0FCFE33
:10A0C00023B05DF804EB04B070470000F0B5122334
:10A0D000002285B002213F483F4CFFF7E1FF3F4897
:10A0E000FFF7DEFF3E48FFF7DBFFA17E3D48FFF7AD
:10A0F000D7FF21683C48FFF7D3FF61683B48FFF773
:10A10000CFFFA1683A48FFF7CBFF94F91810394800
:10A11000FFF7C6FF217F3848FFF7C2FF617F37484E
:10A12000FFF7BEFFE1683648FFF7BAFF21693548FF
:10A13000FFF7B6FF61693448FFF7B2FF617E33482D
:10A14000FFF7AEFFE17E3248FFF7AAFF94F85E20EA
:10A150003049002311F83300904236D12E4A2F485F
:10A1600052F83310FFF79CFF2D4AD4F81E005168B7
:10A170002C4F02AB03C32C48FFF792FF02AE002521
:10A1800016F8011B38460135FFF78AFF082DF7D175
:10A190002648244EFFF784FF254AD4F8260051684C
:10A1A0006B4603C32348FFF77BFF6D46002415F879
:10A1B000011B30460134FFF773FF082CF7D11B4811
:10A1C000FFF76EFF002005B0F0BD01330A2BC1D1AF
:10A1D000CAE700BF48FD0108E034002059FD01082E
:10A1E00068FD010874FD01088DFD01089CFD010852
:10A1F000ABFD0108C7FD0108DAFD0108F4FD010807
:10A2000010FE01082FFE01084CFE010868FE01083F
:10A210007BFE0108B8F50108B4F5010894FE0108B9
:10A22000FE34002040210208ACFE0108050B0208A4
:10A2300006350020B9FE01082DE9F04FDFF8ACA08B
:10A240002B4ADAF8087053682A481268DFF8A89099
:10A25000DFF8A8B095B03946FFF722FF00244FF091
:10A260000008BC4203D1002015B0BDE8F08F0CAA55
:10A27000214650460EF0FBFD9DF84700BDF84260B8
:10A280009DF84350FEF766F942464B46FEF706FB43
:10A290009DF846300993BDF844300893DDE90E235C
:10A2A000CDE90623DDE90C23CDE904239DF84030F8
:10A2B00003F03F030393BDF84030C3F385130293CB
:10A2C000109BC3F3043301939DF84230C6F3831609
:10A2D000C3F34403AD08CDE90A0100932146334698
:10A2E0002A465846FFF7DCFE0134BAE7EC0C0020A2
:10A2F000E0340020C6FE010800002440EAFE010808
:10A300002DE9F8431048114DDFF84480DFF8449000
:10A31000114FFFF7C5FE17244046FFF7C1FE28681E
:10A32000FFF7BEFEAE682EB14846FFF7B9FE3046D5
:10A33000FFF7B6FE3846FFF7B3FE013C05F10C050A
:10A34000EAD12046BDE8F88327FF0108A4F70108F9
:10A350002E07020837FF0108050B020808B540B1B7
:10A360008379622B05D1064B064AC3F800210BF016
:10A370009FF80548FFF794FE64200BF0DFFDF6E739
:10A3800000B00040040302019EF701082DE9F74FD9
:10A390000023484F484E494C8DF806300DF1060118
:10A3A00038460CF0B9FB50B9454C0DF1060120467A
:10A3B0000CF0B2FB002878D103B0BDE8F08F9DF817
:10A3C00006307F2B1FD132787F2A0FD100232360E4
:10A3D000012179230DF107008DF807300BF06CFD9A
:10A3E00014200BF0ABFD3748FFF7B8FF337022683D
:10A3F000B2F5806F3FD300214FF480623248216074
:10A4000011F0FCFDCAE70A2B337001D00D2BEED101
:10A41000236873B3DFF8B48000254FF00C0A0AFB01
:10A4200005F202EB080B58F802904846FDF748FF8A
:10A4300025490246484614F075F9A8B9DBF80430FE
:10A4400021489847054610B92148FFF729FE002109
:10A450001D4821604FF4806211F0D0FD002D9DD089
:10A460002846FFF71DFE99E70135172DD7D1194D65
:10A47000EDE7184DF4E7082B0AD12368002B8DD0A7
:10A480002368114A0021D1542368013B236085E7EA
:10A49000114A0D49D25C02F00302012A226808BF6A
:10A4A00020338B5423680133F0E70DF106000DF0E3
:10A4B00065FB7AE788220020C0110020BC11002033
:10A4C000C41100203BFF0108BB0D0020A4F70108C8
:10A4D0009EF7010888F70108F1220208F8B5114C2F
:10A4E000114D4FF48063A3622E6840F6B7370BF02E
:10A4F000D5FC28B1FFF74AFF2B689B1BBB4204D950
:10A50000084B4FF480629A61F8BD32200BF016FDC3
:10A5100063691A04DB4302F0806203F4806313432F
:10A52000A361E4E700040048A026002037B5184DD9
:10A53000EB7E4BBB0CF02EF90CF02CF9014628B346
:10A54000431E00F10F02134813F8014F045D14F08D
:10A55000440F1BD09A42F7D10C7CBCB90822684644
:10A56000FFF724F808220C4869460DF005FA6B46FF
:10A5700003CB0A4BC5F81E0059600AF0EBF90CF04A
:10A580008BFE204603B030BD0548FBE70548F9E7E0
:10A59000E0340020F12202084CFF0108FE340020C4
:10A5A000A2F5010804F6010837B5184DEB7E4BBB48
:10A5B0000CF0F0F80CF0EEF8014628B3431E00F161
:10A5C0000F02134813F8014F045D14F0440F1BD021
:10A5D0009A42F7D10C7CBCB908226846FEF7E6FF28
:10A5E00008220C4869460DF0C7F96B4603CB0A4BAD
:10A5F000C5F8260059600AF0ADF90CF04DFE204672
:10A6000003B030BD0548FBE70548F9E7E03400201A
:10A61000F122020865FF010806350020A2F50108B5
:10A6200004F6010830B51C4BDB7E85B083BB0CF013
:10A63000B1F80CF0AFF8014660B3431E00F11F0201
:10A64000164813F8014F045D14F0440F22D09A42CB
:10A65000F7D191F82030EBB910226846FEF7A6FF3B
:10A660000F4C1048102269460DF086F904AD6B4678
:10A670001A4603CAAA4220606160134604F1080426
:10A68000F6D10AF067F90CF007FE002005B030BDE6
:10A690000548FBE70548F9E7E0340020F12202080D
:10A6A0000E3500207EFF0108A2F5010804F601081E
:10A6B00030B589B00CF06EF80CF06CF8014640B380
:10A6C000431E00F13F02144813F8014F045D14F0DB
:10A6D000440F1ED09A42F7D191F84030CBB92022D6
:10A6E0006846FEF763FF0D4C0D48202269460DF0C9
:10A6F00043F908AD6B461A4603CAAA42206061605E
:10A70000134604F10804F6D10AF024F9002009B038
:10A7100030BD0448FBE700BFF12202081E350020CF
:10A720007EFF010804F601082DE9FF41D0F814313D
:10A7300004460E4615469BB3C3F1100890454746A4
:10A7400000F2011028BF17461844BAB208F0C2FE42
:10A75000D4F814313B440F2BC4F814312ED9A8453A
:10A760002CD204F1F00304F5807113F8012F187C4A
:10A770008B4282EA00021A70F7D104F1F10810222C
:10A780004146684608F0A6FE2246694668460EF035
:10A7900043FB10226946404608F09CFE3E44ED1BF8
:10A7A00004F5807804F1F107102D0AD8AAB23146D9
:10A7B00004F2011008F08EFEC4F8145104B0BDE894
:10A7C000F08104F1F003711E13F8012F11F8010F4D
:10A7D000434582EA00021A70F6D1102239466846D3
:10A7E00008F078FE2246694668460EF015FB1022F6
:10A7F0006946384608F06EFE1036103DD4E713B5B2
:10A80000044601A8FEF74EFE0146FEF775FE02461D
:10A81000FEF76CFEBDF8043013449AB21BB2B3F5D8
:10A820007A7F0144A2BFA2F57A7301311BB22046A0
:10A830002160A38002B010BD08B5FEF713FEBDE88D
:10A840000840FEF727BE10B50246FEF70BFE044691
:10A850001046FEF715FE201ABDE81040FEF71ABE9E
:10A86000F8B5184F97F80431022B06460D4601D073
:10A870000AF026F9144C94F8942494F81E34CAB9BA
:10A880000BB184F84564304607F07AF8F86AFFF7B0
:10A89000DAFFD4F8B433984208D30C480EF0BAFB70
:10A8A00094F8953443F0200384F89534BDE8F840DB
:10A8B000FEF742BF0BB184F84554284607F060F814
:10A8C000EEE700BF082F0020E8290020802D00209F
:10A8D00038B50146FEF7D2FD01230B720D68044620
:10A8E000FEF7B4FD2044854203D2FEF7AFFD2044BD
:10A8F0000860BDE83840086800F03EBA044A1368B2
:10A900000BB10021197243611060FFF7E1BF00BF76
:10A91000E42600200B4A116810B5034609B90A491C
:10A920001160106809490A4C0344091B8B4206D97F
:10A9300011F070F80C2303604FF0FF3010BD13606E
:10A94000FCE700BF94060020B8380020000001207A
:10A950000004000001207047002070471046704737
:10A960001046704700207047002070470120704754
:10A9700000207047024BD3F884301B68184700BF93
:10A980009C06002013B50C4CD4F884305B689847C3
:10A990004FF47A72B0FBF2F302FB13000090074A07
:10A9A0008021204613F04CFE0146204602B0BDE84F
:10A9B0001040FFF7DFBF00BF9C0600206EF50108C6
:10A9C0000EB470B51D4C94F88030184293B027D067
:10A9D000FFF7D8FF18AB8021179A0193204613F098
:10A9E00093FE7F28014620DC002821DB0024134849
:10A9F000FFF7C0FF12480221FFF7BCFF84B1114BE3
:10AA000002AA03F14006154618685968144603C4A3
:10AA10000833B3422246F7D13F212846FFF7AAFF69
:10AA200013B0BDE8704003B0704780210124DEE719
:10AA300005481D21FFF79EFF0024DBE79C06002050
:10AA4000050B020897FF010884F50108114B1868EF
:10AA500040F6E34283B2934210B517D941F2670240
:10AA6000934215D8A3F6E440FEF780FA0A49FEF7B0
:10AA700085FB0A49FEF7CEFAFEF742FCC4B208494C
:10AA800022460820FFF79CFF204610BD0024F6E771
:10AA9000FE24F4E70C0200200000614400007E4325
:10AAA000D7FF010837B5FFF7C7FE0F4B0F4D1860F2
:10AAB0006C462046FFF7A3FE94E803000C4A05F518
:10AAC0004E7383E80300137843F020031370D5F826
:10AAD000483313B11B6903B198470649082003B0F6
:10AAE000BDE83040FFF76CBF680D0020E82900206A
:10AAF000542900200500020870B50F4C1D4606467B
:10AB0000FFF79AFE62810D4A21811378257323F0A5
:10AB1000110343F011031370094BD3F84833C4E910
:10AB2000000613B11B6903B19847BDE870400549A1
:10AB30000820FFF745BF00BFA80D002054290020C2
:10AB4000E829002027000208094A08B5137843F0D5
:10AB500008031370074BD3F8483313B11B6903B1D3
:10AB60009847BDE8084004490820FFF729BF00BF07
:10AB700054290020E829002049000208094A08B5A4
:10AB8000137843F002031370074BD3F8483313B123
:10AB90001B6903B19847BDE8084004490820FFF746
:10ABA0000FBF00BF54290020E82900206E000208D2
:10ABB00030B50D4685B00446002830D000292ED08F
:10ABC00018490820FFF7FCFE95F90A302A7C039308
:10ABD00095F90930029395F9083001932378009391
:10ABE000114B124953F82230EA680820FFF7E8FEBB
:10ABF000627861680E480CF0BFFE2378032B0ED1FB
:10AC00006378012B0BD163681878012802D00228E1
:10AC100000D020B905B0BDE830400EF0C7B805B08F
:10AC200030BD00BF93000208B8F80108C700020851
:10AC30001401020813B5044650B3037843B318490E
:10AC40000820FFF7BDFE94F91830019394F90A30FB
:10AC50000093237CE26813490820FFF7B1FE627C71
:10AC6000616911480CF088FE10490820FFF7A8FE22
:10AC7000237A012B0ED1617A0D4A0E4B0820002950
:10AC800018BF1A460C49FFF79BFE0C4B01221A70A5
:10AC900002B010BD0A490820FFF792FEF5E700BF99
:10ACA000280102085C01020895010208A1010208BE
:10ACB0002301020824010208B5010208E826002049
:10ACC000CB01020880B190F905304BB98179074A70
:10ACD000074B0120012908BF1A460649FFF770BE3D
:10ACE00005490420FFF76CBE704700BFE20102086F
:10ACF000DE010208E70102080302020838B50A462D
:10AD000005460C4602200549FFF75AFE2246284612
:10AD10000349BDE8384011F045BB00BF20020208DE
:10AD20000060020838B50A4605460C4601460C4844
:10AD300013F0F8FC28B9BDE838400A490120FFF7B4
:10AD40003FBE224608490120FFF73AFE0CF0A4FA64
:10AD5000224629460248BDE838400BF05DB800BFE6
:10AD60000060020833020208530202080149082069
:10AD7000FFF726BE6802020810B50446FEF73CFE47
:10AD8000254B264A1B681C4492F82C30012B6FEA95
:10AD9000040405D122490420FFF712FE002010BD53
:10ADA000012382F82C30022382F82D301D4BD96804
:10ADB00001F44071B1F5807F18BF9869CA205862CC
:10ADC00053205862986920F488509861B1F5807FCB
:10ADD0004FF00100D8654FF000511CBF00201864EF
:10ADE0005964104B10481C67116B41F0010111634D
:10ADF000996941F488519961D0F8801041F400318B
:10AE0000C0F88010FF215962012382F82D30002301
:10AE100082F82C30C2E700BFA4260020A82600201C
:10AE200081020208002800400008005838B5074D8C
:10AE3000074A297852F8203052F821200549044663
:10AE40000820FFF7BDFD2C7038BD00BF0C0D0020A1
:10AE500058F70108A20202082DE9F74F9A4EDFF8D1
:10AE60006C92DFF86CA207464FF00308002F68D100
:10AE700098490820FFF7A4FD0CF066FF924B0722CB
:10AE80009A610524FFF78CF80BF008F8002866D1CA
:10AE9000336843F4807333604FF0B04301209A6D00
:10AEA00042F480629A659B6D03F480630193019B79
:10AEB000B36823F00103B360B36823F00403B36005
:10AEC0000723C6F88800B3614FF48073B3614FF471
:10AED0000063B3610BF002F80AF0E6FF002840D1EE
:10AEE00004200AF0FBFFA10740F1C6807A4C7B4D9D
:10AEF0007F224FF0FF0B0023C4E9022B4FF080426A
:10AF0000C4E90053C4E90433C4E90723A3616362BD
:10AF1000022384F82D30CA236B6253236B620BF03B
:10AF20004DFC00B3C5F824B04FF0000B84F82CB0F2
:10AF30000BF090FC0546002857D04623684A0021B4
:10AF400059E0781C04D167490820FFF739FD98E7DC
:10AF500065493A460820FFF733FD072492E730BFE2
:10AF600092E78420BDE742F20113A8616B604FF6BF
:10AF7000FF7328606B615D4B2B613F232864A864DD
:10AF8000E862A8626864E864EB650BF03DFC0028A9
:10AF9000C8D1574B4FF434021A6058609860D8609B
:10AFA0002368C5F824B0AB421BD14FF0B043D3F8AF
:10AFB000902022F40042C3F890209A6D22F480621F
:10AFC0009A654C4B0422C3F88020BFF34F8FBFF328
:10AFD0006F8F4FF48062C3F88420BFF34F8FBFF3AD
:10AFE0006F8F002384F82D309EE70BF0D3FC20B147
:10AFF0003B4A4C2329460AF06DFA0CF0A5FE324B71
:10B0000007229A6194F82C30012B4FF0020059D09E
:10B01000012384F82C30314B84F82D00CA225A6267
:10B0200053225A629A6922F480629A610422DA6594
:10B03000DA68520605D430480568DA6812F004026E
:10B0400034D0264B2D495F619A6922F0070242F005
:10B0500004029A61D1F8802042F48012C1F8802065
:10B060009A6942F488429A61FF225A62012384F865
:10B070002D30002384F82C30B36823F40073B360C0
:10B08000336843F007033360D9F8103043F004030A
:10B09000C9F8103030BF04205146FFF791FCB8F1D9
:10B0A00001087FF4E3AE03B0BDE8F08F0168491BEF
:10B0B000B1F57A7FC1D9FF210320596284F82D00B0
:10B0C00084F82C208D2339E70004005800ED00E0BF
:10B0D00062030208C3020208A826002000280040DC
:10B0E00023030208D3020208F4020208FF007F00D3
:10B0F00000B0004000E100E0A02600200008005859
:10B100002DE9F04F5C4DDFF874914022312191B070
:10B110004FF44863C5E90012C5E9032300230690F4
:10B12000AB609B4698460024EB680793CA46A64648
:10B13000A446079B9C426DD1BEF1000F7FD05049C1
:10B14000CDF800E0634642460220FFF739FC404656
:10B150000CF096F80024EB68BBF1000F03D19C4281
:10B1600003D2C5E900844FF0010BAA6808F1010879
:10B170002244B8F1320FAA6009F50069D3D10193D6
:10B180006B6800932B683F49DFF8ECB001200FF2A9
:10B19000E009D9E90089FFF713FCD5F808A0BAF156
:10B1A000000F34D0202200210DEB02000AF1FF3AFB
:10B1B00010F024FF08AA514658460DF058FEDDE96C
:10B1C000086727F0004303930296DDE90201424637
:10B1D0004B46FDF7C9FC0028E1D0DDE90A4525F022
:10B1E000004305930494DDE9040142464B46FDF714
:10B1F000BBFC0028D3D0069B069AC3E90067C3E9CD
:10B200000245BDF8343013829DF83630538211B0B8
:10B21000BDE8F08F57460FCF08AE0FC697E80F0076
:10B2200086E80F0008A90A46002312F8010BFF2840
:10B2300008D10133202BF8D10CF1010C11E0A4EB63
:10B240000C0488E79DF83F601F22002311F8010BD2
:10B250000133101A1F2BC2B2F8D1964218BF0EF15B
:10B26000010E01340AF1200A63E700BFAFF300804A
:10B27000000000E0E2361A3FEC0C002000680208F3
:10B2800086030208C1030208024A03490820FFF7A7
:10B2900097BB00BF44F601081704020808B5044A2A
:10B2A00004490820FFF78CFB034B01221A7008BDEC
:10B2B00035F6010817040208E70C0020024A03498A
:10B2C0000820FFF77DBB00BF26F60108170402081F
:10B2D000024A03490820FFF773BB00BF19F60108B3
:10B2E0001704020837B5FEF735F9FEF733F903788E
:10B2F000303B092B02D90B4803B030BD002401A913
:10B3000001940BF03BFA0028F5D0019D0649082076
:10B310002B462A46FFF754FB044B1D6009F01AFB2D
:10B320002046E9E704F6010841040208E034002061
:10B3300037B5FEF70FF9FEF70DF90378303B092B0F
:10B3400002D90B4803B030BD002401A901940BF0D1
:10B3500015FA0028F5D0019D064908202B462A46FB
:10B36000FFF72EFB044B5D6009F0F4FA2046E9E795
:10B3700004F6010869040208E034002037B5FEF73E
:10B38000E9F80378303B092B02D90B4803B030BDF4
:10B39000002401A901940BF0F1F90028F5D0019DDA
:10B3A000064908202B462A46FFF70AFB044B9D60FE
:10B3B00009F0D0FA2046E9E704F6010891040208F2
:10B3C000E034002037B5FEF7C5F80378303B092B91
:10B3D00002D90B4803B030BD002401A901940BF041
:10B3E000CDF90028F5D0019D064908202B462A46B4
:10B3F000FFF7E6FA044BDD6009F0ACFA2046E9E716
:10B4000004F60108C6040208E03400201A4E1B4965
:10B410001B481B4D08B55F2210F0C4FF33681B6941
:10B420000BB1284698475A2285F85F206FF05A02E0
:10B43000002385F86020124A85F86130622412F8F2
:10B44000011B013CA3EB0103DBB2F8D185F86230AC
:10B4500033689B689847336809495B6868222046CF
:10B46000984702200749FFF7ABFA09F07BFA0BF087
:10B4700013FF2046FEF772FF9806002050F60108E1
:10B48000E0340020FE04020837B5FEF763F80378C5
:10B49000303B092B02D90B4803B030BD002401A971
:10B4A00001940BF06BF90028F5D0019D06490820A6
:10B4B0002B462A46FFF784FA044B5D6109F04AFAED
:10B4C0002046E9E704F601083B050208E0340020C5
:10B4D00037B5FEF73FF80378303B092B02D90B480C
:10B4E00003B030BD002401A901940BF047F90028F6
:10B4F000F5D0019D064908202B462A46FFF760FA41
:10B50000044B1D6109F026FA2046E9E704F601081C
:10B5100070050208E034002037B5FEF71BF8037809
:10B52000303B092B02D90D4803B030BD002401A9DE
:10B5300001940BF023F90028F5D0019D012DF2D8DC
:10B540002A4608200649FFF73BFA064B05F001059D
:10B55000DD7609F0FFF92046E6E700BF04F60108B2
:10B56000A6050208E034002037B50BF013F90BF004
:10B5700011F910B90E4803B030BD0378303B092BE8
:10B58000F8D8002401A901940BF0F8F80028F1D0B4
:10B59000019D012DEED82A4608200649FFF710FA32
:10B5A000054B05F001051D7709F0D4F92046E2E7C7
:10B5B00004F60108D1050208E0340020F8B50BF0CC
:10B5C000E9F80BF0E7F80378174E3F2B05460ED14C
:10B5D0001648174DFEF764FD002456F8341028462F
:10B5E0000134FEF75DFD0A2CF7D10020F8BD0024E0
:10B5F00056F834100522284606EBC40713F000F86D
:10B6000068B93C790B4922460820FFF7D9F90A4B63
:10B6100083F85E4009F09EF90BF03EFEE5E7013449
:10B620000A2CE5D10548E1E7B4F50108FD0502085B
:10B63000A7FE010812060208E034002004F6010803
:10B6400037B5FDF787FF0378303B092B02D90C484B
:10B6500003B030BD002401A901940BF08FF800283D
:10B66000F5D0019D07492D1B18BF012508202A464A
:10B67000FFF7A6F9044B9D7609F06CF92046E7E741
:10B6800004F601083F060208E034002037B5FDF754
:10B6900061FF0378303B092B02D90C4803B030BD61
:10B6A000002401A901940BF069F80028F5D0019D50
:10B6B00007492D1B18BF012508202A46FFF780F9EE
:10B6C000044B5D7709F046F92046E7E704F60108E8
:10B6D00068060208E034002037B5FDF73BFF037829
:10B6E000303B092B02D90C4803B030BD002401A91E
:10B6F00001940BF043F80028F5D0019D042DF2D8F9
:10B70000082006492A46FFF75BF9054B5D7609F0EC
:10B7100021F92046E8E700BF04F601089606020872
:10B72000E034002010B5FDF715FF0378303B092BFE
:10B7300001D90E4810BD0A220021013810F0C0F8CE
:10B7400010F1800341F10001B3F5807F71F1000138
:10B750000446EED2082006492246FFF731F9054B90
:10B760001C7609F0F7F80020E4E700BF04F60108B2
:10B77000BB060208E034002010B590B00FA90446C3
:10B78000FDF7AAFF00282DD1042C06D8013C032C7C
:10B790002AD8DFE804F02E3230347F2C31D00F99D4
:10B7A000087C8B784A780D90C87B0C90887B0B9036
:10B7B000487B0A90087B0990C87A0890887A07909D
:10B7C000487A0690087A0590C879049088790390A1
:10B7D0004879029008790190C978009108200A49B7
:10B7E000FFF7EEF810B010BD08490820FFF7E8F8A1
:10B7F000D5E70749F9E70749F7E70749F5E70749B3
:10B80000F3E70749F1E700BFDB070208DF0602089C
:10B8100009070208330702085D07020887070208C4
:10B82000B1070208F0B50446304E31486378314F15
:10B8300093B04370336800259B6A0570984757F8AA
:10B84000043B1BB11B6A0BB1204698470135EBB294
:10B85000052B6DB2F3D12378042B37D00B2B3DD0C1
:10B86000012B2ED1062368468DF8003007F014FA1C
:10B87000214B019A5A6109A820238DF8243007F042
:10B880000BFA1E4B20B91E499DF928201A710A7126
:10B890006278C2B95A711A4B58780DF087FA33683A
:10B8A00016485B6A984763785BB90420FFF764FF2A
:10B8B0007F20FFF761FF0220FFF75EFF0320FFF705
:10B8C0005BFF13B0F0BDFF225A71E8E70D4B012278
:10B8D0005A74227A9A74627ADA74F2E76378002BE7
:10B8E000EFD013B0BDE8F040FEF76CB89C340020F8
:10B8F00004010020EC2600209401002020010020FB
:10B90000CC340020F00000200A7803785340037004
:10B910004A784378534043708A78837853408370E1
:10B92000CA78C3785340C3700A79037953400371CE
:10B930004A794379534043718A79837953408371BB
:10B94000CA79C3795340C3710A7A037A53400372A8
:10B950004A7A437A534043728A7A837A5340837295
:10B96000CA7AC37A5340C3720A7B037B5340037382
:10B970004A7B437B534043738A7B837B534083736F
:10B98000CA7BC37B5340C373704710B50B781478E0
:10B990006340037054784B786340437094788B789D
:10B9A00063408370D478CB786340C37014790B798B
:10B9B0006340037154794B796340437194798B7977
:10B9C00063408371D479CB796340C371147A0B7A65
:10B9D00063400372547A4B7A634043728B7A947A51
:10B9E00063408372D47ACB7A6340C372147B0B7B3F
:10B9F00063400373547B4B7B63404373947B8B7B2B
:10BA000063408373CB7BD27B5340C37310BD000074
:10BA1000184B027841799A5C02700279595C9A5C01
:10BA20000271027A9A5C0272027B9A5C027342781B
:10BA30004170417A9A5C595C4171417B4273595C17
:10BA40004172817A8278595C8170817B9A5C8272C2
:10BA50008279595C8171C17A9A5C595C8273C27B2C
:10BA6000C173C179595CC172C178595C9B5CC17169
:10BA7000C37070476EF401082DE9F04385B00146AC
:10BA80006846FDF7A6FD6E4A6E4B9DF800709DF866
:10BA900005806D489DF80AE09DF80F6012F8089047
:10BAA000DC5D10F80E5010F806C084EA09046C4002
:10BAB0008CEA04040C70C45D8CEA040913F808C015
:10BAC0008CEA090C12F80E9013F80EE08CEA090CBF
:10BAD00081F801C010F808C09DF8098084EA0C04C0
:10BAE00084EA0E0412F806E012F8089084EA0E04C4
:10BAF0008C70D45D9DF804709DF80EE085EA0C050D
:10BB00006C409D5D9DF803606C40CC70DC5D10F86E
:10BB10000E5010F806C084EA09046C408CEA040454
:10BB20000C71C45D8CEA040913F808C08CEA090C96
:10BB300012F80E908CEA090C81F805C010F808C0C4
:10BB400013F80EE09DF80D8084EA0C0484EA0E04DC
:10BB500012F806E012F8089084EA0E048C71D45DA5
:10BB60009DF808709DF802E085EA0C056C409D5D2B
:10BB70009DF807606C40CC71DC5D10F80E5010F839
:10BB800006C084EA09046C408CEA04040C72C45DAB
:10BB90008CEA040913F808C08CEA090C12F80E901C
:10BBA00013F80EE08CEA090C81F809C010F808C0FF
:10BBB0009DF8018084EA0C0484EA0E0412F806E081
:10BBC00084EA0E048C72D45D9DF806E09DF80C703A
:10BBD00085EA0C056C409D5D9DF80B606C40CC7255
:10BBE00010F80E5010F806C012F80890DC5D84EAD8
:10BBF00009046C408CEA04040C73C45D10F808005E
:10BC00008CEA040913F808C08CEA090C12F80E90AB
:10BC10008CEA090C81F80DC013F80EC09B5D4440FE
:10BC200084EA0C0412F806C0D25D4540554084EA0F
:10BC30000C046B408C73CB7305B0BDE8F08300BF80
:10BC40006EF201086EF301086EF40108F0B50646C5
:10BC5000D5B017461C460D46002900F0CF801022B3
:10BC600000210DF2291008F069FA0021F0220EA837
:10BC7000539108F063FA204601A9FDF72DFD044613
:10BC800000285ED101980EA901300BF0B3FE26B159
:10BC9000102231460EA8FEF747FD3A4629460EA867
:10BCA000FEF742FD1022002106A808F047FA06A977
:10BCB0000EAA08460DF0B0F89DF91830002B06AA20
:10BCC0004FF0000140DA137812F8010F01315B00E8
:10BCD00043EAD0130F2902F8013CF4D19DF8273034
:10BCE0005B0083F08703DBB28DF82730539B102B6A
:10BCF00039D14EAA06A812F8015F10F8011B013BCA
:10BD000081EA05011170F6D14AAB102513F8012F15
:10BD1000197C013D82EA01021A70F7D110220DF25E
:10BD200029110AA807F0D6FB0EAA02A90AA80DF04D
:10BD300073F81022294606A808F000FA5A9B029AC6
:10BD40001A60204655B0F0BD137812F8010F01318A
:10BD50005B0043EAD0130F2902F8013CF4D19DF8AF
:10BD600027305B00BFE79DF91820002A06A94FF095
:10BD70000F0030DA0A7811F8015F520042EAD5125A
:10BD8000013801F8012CF5D19DF82720520082F0EE
:10BD90008702D2B28DF827200EAA1A44802182F899
:10BDA00001111A46002101320F2A22D95A1C102AE9
:10BDB000C3F10F0388BF0023134453934EAA06A870
:10BDC000102312F8015F10F8011B013B81EA050105
:10BDD0001170F6D198E70A7811F8015F520042EA33
:10BDE000D512013801F8012CF5D19DF82720520019
:10BDF000CFE70EA8104480F80111D4E70224A0E791
:10BE00002DE9F043BFB014468046F02201A80F464A
:10BE10000021994608F092F969462046FDF75CFC3E
:10BE2000054640B9009801A901300BF0E3FD3C46FE
:10BE30003E1BF6B21CB928463FB0BDE8F08301AA0C
:10BE400009EB060108EB0600103C0CF0E5FFA4B27C
:10BE5000EEE7000030B51A4B1D6885B00C46002394
:10BE600005F1100203EB03110133515C814222D131
:10BE700003EB031380281D444FF0100215D100215D
:10BE8000684610F0BBF874B120466B467F22102143
:10BE9000FFF7B6FF044610226946284607F01AFB52
:10BEA000204605B030BD0224F5E72146284607F0BC
:10BEB00011FB0024F4E70A2BD4D10324F0E700BFE0
:10BEC000983400207F2A7FB506460D46144601D1DE
:10BED000042911D110220021684610F08FF86B461A
:10BEE0002A4610213046FFF78BFF18B969462046D5
:10BEF000FFF7B0FF04B070BD0320FBE700B58BB0C7
:10BF0000012301A88DF8043006F0C6FE38B99DF86B
:10BF10000800003818BF01200BB05DF804FB0020BA
:10BF2000FAE70000074B1B78DB0709D4064BD3F870
:10BF300040232AB993F89604013818BF01207047AE
:10BF40000120704754290020E8290020F8B52A4C28
:10BF500094F80431012B06464CD0022B43D00BB190
:10BF60000320F8BD30B9D4E9190104F16C0383E86A
:10BF70000300F5E701283DD00228F1D11F4D84F8D8
:10BF8000040105F5747CBCE80F0005F57A770FC74E
:10BF90009CE8030094F8DA3087E8030085F8FB6337
:10BFA000C3B1D4F8F030E366C5F8EC3394F87530DB
:10BFB00094F8F42085F8F83394F8803084F87020F1
:10BFC00085F8F93395F81F2485F8E82340F201330A
:10BFD000A5F8FA33002385F81E3408F071FD05F04A
:10BFE0008DFF0020BDE70028BAD184F8040108F0D5
:10BFF00067FDF6E70220B4E7082F0020E8290020BB
:10C000002DE9F04F9F4EBBB0336B0E903BB99E4A6B
:10C01000B6F80C31D2F82024013B534333639A4BDA
:10C0200093F804311BB1042B43D0032305E20AF03B
:10C030002BFE002841F0B381934B96F9395093F8C9
:10C040000C91914BA3F80090336B0B9312A896F8C8
:10C0500008310C93FDF7DAF9D6F81031129ABDF8D1
:10C060004C70D31A0A93B6F81431FF1ABBB23FB220
:10C07000002F05DA0A9A03F57A73013A0A921FB281
:10C0800096F81C41F36A0D93B4B14FF000080124F7
:10C0900096F84030092B01F2C081DFE813F0100060
:10C0A000740001017501D201240291022B037D036A
:10C0B00001040AF03BFEBCE74FF00108E8E700216D
:10C0C000102214A88DF842108DF843100FF096FF3F
:10C0D0000323ADF844306D4BD3F800A00AF5587B2C
:10C0E000012158460AF052FD28B9BAF8603343F0EE
:10C0F0000303AAF86033664B8DF868401B681D93F4
:10C100001023ADF8783011AB1F930B9B22930D9B3E
:10C1100023930C9B8DF8903001238DF89130494684
:10C120000A9B25932846CDE91BBA8DF86950ADF8D6
:10C1300098708DF89C8005F00BFF1AAB289029931E
:10C140000DF142020DF1430314A922A80AF0C2FE28
:10C15000034670B99DF84210013905F0EBFC00F17F
:10C16000E8030DEB0300484B10F8982C83F81F24CC
:10C170009BE20C2840F0E383444B1A68B2F860332A
:10C1800043F0030356E10021482222A88DF8431012
:10C190008DF844100FF032FF3E4BD3F800A004217D
:10C1A00050460AF0F3FC3C4B83461B6848B903F544
:10C1B0005871042250460F9305F079FD0F9B8AF8C1
:10C1C0000CB0052D06DD9AF808201AB9B3F86823DB
:10C1D000AAF80820CDE915A3304B8DF850401B6814
:10C1E00017934823ADF86030002319930B9B1A93E3
:10C1F0000D9B1B930C9B8DF8703001238DF87130D3
:10C2000049460A9B1D9328468DF85150ADF8787029
:10C210008DF87C8005F07AFF14AB209021930DF10E
:10C22000430211AB22A91AA80AF054FE03460028C3
:10C2300040F08583174B1F689CB19DF8431001396E
:10C2400005F078FC00F1E8030DEB03000E4B10F84D
:10C25000602C83F81F240C4B482293F81F14384697
:10C260008FE0022D00F0FE82397AE2B241FA02F24A
:10C27000D007234604F10104F7D5034A403382F87E
:10C280001F34E8E7082F0020E8290020240D0020B3
:10C29000280D00206C0D0020700D00202C0D0020BA
:10C2A0000021602222A88DF842108DF843100FF073
:10C2B000A5FEB64B1193B64BD3F800A0B54B1A7838
:10C2C0000F92114650460AF061FCB34B0F9AD3F817
:10C2D00000B050B94FF0FF33CBE9D833CBF8683317
:10C2E0000BF55871504605F0E2FCAC4B8DF8504010
:10C2F0001B6817936023ADF860300023CDE915ABC0
:10C300008DF8515019933CB9A54A169211AB1422DD
:10C310001593ADF8602019930B9B1A930D9B1B93FB
:10C320000C9B8DF8703001238DF8713049460A9BC3
:10C330001D932846ADF878708DF87C8005F0C4FF19
:10C3400014AB209021930DF142020DF1430322A979
:10C350001AA80AF0BFFD0346002840F0F0829DF8BD
:10C360004210013905F0E6FB00F1E8030DEB030094
:10C370008C4B10F8601C83F81F14864B1A78844B82
:10C38000186805F07BFC90E10021102214A88DF8BC
:10C3900042108DF843100FF031FE0723ADF8443002
:10C3A000814BD3F800A00AF5587B012158460AF0CA
:10C3B000EDFB28B9BAF8603343F00703AAF86033FD
:10C3C0007A4B8DF868401B681D931023ADF87830C8
:10C3D00011AB1F930B9B22930D9B23930C9B8DF80A
:10C3E000903001238DF8913049460A9B25932846C9
:10C3F000CDE91BBA8DF86950ADF898708DF89C8026
:10C4000006F01CFD1AAB289029930DF142020DF1A4
:10C41000430314A922A80AF05DFD034600283FF457
:10C4200099AE0C2840F08B825F4B1A68B2F86033EB
:10C4300043F00703A2F860330C2318463BB0BDE875
:10C44000F08F0021102214A88DF842108DF84310AF
:10C450000FF0D4FD0723ADF84430554BD3F800A0BE
:10C460000AF5587B012158460AF090FB28B9BAF822
:10C47000603343F00703AAF860334E4B8DF86840F1
:10C480001B681D931023ADF8783011AB1F930B9BE5
:10C4900022930D9B23930C9B8DF8903001238DF8F4
:10C4A000913049460A9B25932846CDE91BBA8DF861
:10C4B0006950ADF898708DF89C8006F01DFD1AABA0
:10C4C000289029930DF142020DF1430314A922A8EB
:10C4D0000AF000FD034600283FF43CAE0C2840F073
:10C4E0002E82334BA1E70021102214A88DF84210B0
:10C4F0008DF843100FF082FD0723ADF844302E4B2A
:10C50000D3F800A00AF5587B012158460AF03EFBFB
:10C5100028B9BAF8603343F00703AAF86033274B11
:10C520008DF868401B681D931023ADF8783011AB6F
:10C530001F930B9B22930D9B23930C9B8DF89030A4
:10C5400006238DF8913049460A9B25932846CDE96C
:10C550001BBA8DF86950ADF898708DF89C8006F084
:10C560003BFD1AAB289029930DF142020DF14303D4
:10C5700014A922A80AF0AEFC034600283FF4EAAD55
:10C580000C2840F0DC810C4B4FE700BFFFFF0F0091
:10C59000740D0020780D00209C0D0020300D00202F
:10C5A00000000020E8290020340D0020380D002074
:10C5B0003C0D0020400D0020440D0020480D0020BF
:10C5C0000021102214A88DF842108DF843100FF0AE
:10C5D00015FD0723ADF84430A74BD3F800A00AF5AA
:10C5E000587B012158460AF0D1FA28B9BAF86033CD
:10C5F00043F00703AAF86033A04B8DF868401B682E
:10C600001D9311AB1F930B9B22930D9B23930C9BAC
:10C610008DF8903001238DF8913049460A9B25937F
:10C6200010242846CDE91BBA8DF86950ADF8784042
:10C63000ADF898708DF89C8006F048FD1AAB2890F4
:10C6400029930DF142020DF1430314A922A80AF027
:10C6500041FC0346002848D19DF84210DFF81882BB
:10C66000DFF81CA2013905F065FA4FF00C09C5B2DC
:10C6700005F1E8036B44D8F8000013F8987C9DF8A6
:10C68000423009FB07FC013550F80C00B5FBF3F212
:10C69000514603FB125506236FF04002EDB208F03D
:10C6A0007DFDE0B1774B83F81F74774A92F8400024
:10C6B00092F8754092F9391092F8613092F9612040
:10C6C000092800F25C81DFE810F055015E016A0183
:10C6D000D501D501D501D5017201D101D501013CAA
:10C6E00014F0FF04C4D10D23A7E60C2840F02781E5
:10C6F000614B9AE60021102214A88DF842108DF8A3
:10C7000043100FF07BFC0723ADF844305F4BD3F8A8
:10C7100000A00AF5587B012158460AF037FA28B9DB
:10C72000BAF8603343F00703AAF86033584B8DF82A
:10C7300068401B681D931023ADF8783011AB1F9330
:10C740000B9B22930D9B23930C9B8DF89030012320
:10C750008DF8913049460A9B25932846CDE91BBAAE
:10C760008DF86950ADF898708DF89C8006F06CFCDF
:10C770001AAB289029930DF142020DF1430314A93D
:10C7800022A80AF0A7FB034600283FF4E3AC0C28DC
:10C7900040F0D5803D4B48E60021482222A88DF884
:10C7A00043108DF844100FF029FC3A4BD3F800A049
:10C7B000042150460AF0EAF9374B83461B6848B912
:10C7C00003F55871042250460F9305F070FA0F9B41
:10C7D0008AF80CB0032D06DD9AF808201AB9B3F8D0
:10C7E0006823AAF80820CDE915A32C4B8DF85040FA
:10C7F0001B6817934823ADF86030002319930B9BF7
:10C800001A930D9B1B930C9B8DF8703001238DF8B0
:10C81000713014AB219349460A9B1D9328468DF82D
:10C820005150ADF878708DF87C8006F039FE11AB70
:10C8300020900DF1430222A91AA80AF04BFB0346EF
:10C8400000287CD1134B1F68002C7FF4F6AC4DB14F
:10C85000397AE2B241FA02F2D207234604F1010426
:10C86000F7D50AE507F10C0138460AF0EDFA03287E
:10C870007FF4F1ACFFF7D9BB4C0D0020500D002028
:10C88000400D0300E8290020082F0020540D00204F
:10C89000580D0020A00D0020A40D00205C0D0020EC
:10C8A0000023CDE914338DF842308DF84330032353
:10C8B000ADF84430794BD3F800A00AF5587B01213C
:10C8C00058460AF063F928B9BAF8603343F0030315
:10C8D000AAF86033724B8DF868401B681D930823DB
:10C8E000ADF8783011AB1F930B9B22930D9B2393D4
:10C8F0000C9B8DF8903001238DF8913049460A9BAE
:10C9000025932846CDE91BBA8DF86950ADF898708B
:10C910008DF89C8006F09EFD1AAB289029930DF1AE
:10C9200042020DF1430314A922A80AF0D3FA0346E8
:10C9300000283FF40FAC0C2801D1584B1DE40B2B01
:10C940007FF47BAD0E9A002A3FF477AD554CD4F8B6
:10C95000981469B1D4F8403304F55A7043F02003B9
:10C96000C4F840330CF09AFB04F55A700CF0B2FA9C
:10C97000002362E5C90024B94B4B19448956C9B25A
:10C980001FE04A4BF9E74A4B062505FB0133995650
:10C990000029F4DA003C18BF01246100EFE7454BA1
:10C9A000062404FB0133995621EAE171E7E7424B83
:10C9B00003EBC1039B56002B56DB062908BF00235F
:10C9C000D9B23E4C0094736C96F8482049B205F0F9
:10C9D000BFF904F118030093736C96F8482096F998
:10C9E000681096F8400005F0B3F9A4F56E730C9347
:10C9F000D3F8C413336D0C9A0C980B44C2F8B033BF
:10CA0000D2F8DC23736D1344C0F8B43396F81C31AC
:10CA1000002B34D1B36D0B44C0F8B033F36D134425
:10CA2000C0F8B4330C9B0C9A93F81F54244B128813
:10CA300093F840900B9293F9394093F938609F6FC7
:10CA4000D3F87C8093F81C21B9F1090F00F2988487
:10CA5000DFE819F03C000F015B01E0014302A00296
:10CA6000FD028003DD0339040023A9E7154B03EB26
:10CA7000810398E7CB1A5BB223EAE373A0E70C9B30
:10CA800096F9390093F837420F4B93F80852FCF7A8
:10CA900071FE2C44A042C5D20823CEE4600D0020D4
:10CAA000640D0020E829002080F1010840F1010810
:10CAB000C0F10108EAF101081AF20108A02D0020D6
:10CAC000082F00205AF2010844270020C04BC14A19
:10CAD00013F904B0C04B1268D3F800A0BF490C236F
:10CAE00003FB05A320465B7A03EB430302EBC3037E
:10CAF00093F90230B342B8BF33460A9305F016F9F2
:10CB00004246394606460A9805F0FAF805EB45070D
:10CB1000BF0080465AF8070008F0CCF900204FF417
:10CB20007A63072CCDE90703CDE9050040F0938037
:10CB30000123CDE903030523CDE901034FF47A7303
:10CB400003FB0BF3009346F2A8123346414608F06C
:10CB5000CDFB5AF80700214606F0B4F90B992046A0
:10CB600005F0F6F99E4B9DF82C10C3F820044846BA
:10CB700004F07EFC9B4B9A4C93F8393084F8463491
:10CB80000A9B84F84734D4F82034C4F84C34C4F8F1
:10CB90005C3494F80431C4F85454012684F8456494
:10CBA000002B00F0F183042B7FF43FAA8E4B94F806
:10CBB0001C241E68F368002A40F01D845D1C80F070
:10CBC000EE8394F82821002A0CBF02220322AB42F4
:10CBD000C0F014840AF0AAF8002840F0E08394F82A
:10CBE0000C71D4F80811B4F810C1D4F81031043F16
:10CBF000BAB2002900F0D383B2F5807F00F2CF8370
:10CC0000ADF88EC04FEA134C1B0E8DF891302B0CF3
:10CC10008DF894302B0E8DF89530744BADF88C0058
:10CC20004FF0490E8DF89600009322A80223CDF80C
:10CC300088E08DF890C0ADF892508DF89770FFF7AE
:10CC400005F8002840F0AB830AF070F8002840F0A7
:10CC5000A683F560B5E34FF001090823CDE9030988
:10CC6000CDE901930246CDF800B03346414648462F
:10CC70006DE75F4B5F4A13F904A05F4B1268D3F86E
:10CC800000905E490C2303FB059320465B7A03EB7F
:10CC9000430302EBC30393F90230B342B8BF3346F8
:10CCA0000A9305F043F84246394683460A9805F050
:10CCB00027F805EB4507BF00804659F8070008F044
:10CCC000F9F800224FF47A63CDE9072301260823FF
:10CCD000CDE90522CDE90326CDE9016341465B4656
:10CCE0003046CDF800A008F001FB59F807002146B6
:10CCF00006F0E8F89DF82C10304604F0B9FB0B99CB
:10CD0000204605F003FA0C9BFDE13D4B13F904A00E
:10CD10000C23002A4AD03B4A12686B43D11852F8C0
:10CD20000390394A4B7A1268384903EB430302EB0C
:10CD3000C303204693F90230B342B8BF33460A9387
:10CD400004F0F4FF4246394683460A9804F0D8FFBF
:10CD50008046484608F0AEF800264FF47A63072C68
:10CD6000CDE90763CDE9056622D10123CDE903634F
:10CD70000523CDE901634FF47A7303FB0AF30093B3
:10CD800046F2A8125B464146304608F0AFFA3746F5
:10CD90002146484606F096F89DF82C10384604F0D7
:10CDA00067FB0B99204605F08FFAACE7184AB4E709
:10CDB00001270823CDE90173CDE90367CDF800A071
:10CDC0005B4632464146384608F090FAE0E700BF3D
:10CDD00058F00108280D0020240D002038F001082B
:10CDE000E8290020082F0020502900201C2B0020BB
:10CDF000A0F001082C0D0020700D002060F001084B
:10CE000058F001089C0D0020300D0020B0F0010802
:10CE100000000020BD4BBE4A13F904A0BD4B1268B0
:10CE2000D3F80090BC490C2303FB059320465B7AA2
:10CE300003EB430302EBC30393F90230B342B8BFE1
:10CE400033460A9304F072FF4246394683460A98F5
:10CE500004F056FF05EB45084FEA88080D9059F895
:10CE6000080008F027F800264FF47A63072CCDE974
:10CE70000763CDE905660D9921D10123CDE903634F
:10CE80000523CDE901634FF47A7303FB0AF30093A2
:10CE900046F2A8125B46304608F028FA374659F8A1
:10CEA0000800214606F00EF80B99204605F0C6FF53
:10CEB0000C9B9DF82C10C3F82004384658E6012737
:10CEC0000823CDE90173CDE90367CDF800A05B46E7
:10CED0003246384608F00AFAE1E7904B904A13F9D7
:10CEE00004A0904B1268D3F800908F490C2303FBE9
:10CEF000059320465B7A03EB430302EBC30393F9EC
:10CF00000230B342B8BF33460A9304F00FFF4246E3
:10CF1000394683460A9804F0F3FE05EB45084FEACC
:10CF200088080D9059F8080007F0C4FF00264FF458
:10CF30007A63072CCDE90763CDE905660D991BD10E
:10CF40000123CDE903630523CDE901634FF47A732F
:10CF500003FB0AF3009346F2A8125B46304608F042
:10CF6000C5F9374659F80800214605F0ABFF0B9983
:10CF7000204605F0C1FF9BE701270823CDE9017397
:10CF8000CDE90367CDF800A05B463246384608F08D
:10CF9000ADF9E7E7654B664A13F904A0654B1268E3
:10CFA000D3F8009064490C2303FB059320465B7A79
:10CFB00003EB430302EBC30393F90230B342B8BF60
:10CFC00033460A9304F0B2FE4246394683460A9835
:10CFD00004F096FE05EB45084FEA88080D9059F8D5
:10CFE000080007F067FF00264FF47A63072CCDE9AD
:10CFF0000763CDE905660D991BD10123CDE90363D4
:10D000000523CDE901634FF47A7303FB0AF3009320
:10D0100046F2A8125B46304608F068F9374659F8E0
:10D020000800214605F04EFF0B99204605F0D4FF7D
:10D030003EE701270823CDE90173CDE90367CDF869
:10D0400000A05B463246384608F050F9E7E73B4B14
:10D050003B4A13F904B03B4B1268D3F800903A49AD
:10D060000C2303FB059320465B7A03EB430302EB9F
:10D07000C30393F90230B342B8BF33460A9304F0B6
:10D0800055FE05EB45034FEA830A0C9059F80A60F8
:10D090002E4886428CBF0E200A20FBF767FF014610
:10D0A0000D903846FBF766FE08B90D990F463946D4
:10D0B00042460A9804F024FE0746304607F0FAFE7E
:10D0C00000224FF47A63CDE9072301260823CDE936
:10D0D0000522CDE90326CDE9016339460C9BCDF845
:10D0E00000B0304608F002F959F80A00214605F070
:10D0F000E9FE9DF82C10304604F0BAF90B99204651
:10D1000005F0E4FF124BC3F8200433E558F00108A2
:10D11000380D0020340D002038F0010858F00108C7
:10D12000400D00203C0D002038F0010858F00108A7
:10D13000480D0020440D002038F00108E8F00108F7
:10D14000500D00204C0D0020D0F001081F21F636B4
:10D15000E8290020B24BB34A13F904A0B24B12687D
:10D16000D3F80090B1490C2303FB059320465B7A6A
:10D1700003EB430302EBC30393F90230B342B8BF9E
:10D1800033460A9304F0D2FD4246394683460A9854
:10D1900004F0B6FD05EB45084FEA88080D9059F8F4
:10D1A000080007F087FE00264FF47A63072CCDE9CC
:10D1B0000763CDE905660D991BD10123CDE9036312
:10D1C0000523CDE901634FF47A7303FB0AF300935F
:10D1D00046F2A8125B46304608F088F8374659F800
:10D1E0000800214605F06EFE0B99204605F02CFF45
:10D1F0005EE601270823CDE90173CDE90367CDF889
:10D2000000A05B463246384608F070F8E7E7884BE6
:10D21000884A13F90490884B1268D3F800800C23D5
:10D2200003FB0583042C5B7A03EB430302EBC3038C
:10D2300093F9027038D1022EB8BF02267F490A96B0
:10D24000204604F073FD7E49834600220A9804F0CC
:10D2500057FD05EB4507BF00824658F8070007F069
:10D2600029FE00224FF47A63CDE907230126082323
:10D27000CDE90522CDE90326CDE9016351465B46A0
:10D280003046CDF8009008F031F858F807002146F4
:10D2900005F018FE9DF82C10304604F0E9F80B99C3
:10D2A000204606F0FDF82EE5042108F5587009F037
:10D2B0006DFC312803D9BE42B8BF3E46BEE7052EFD
:10D2C000B8BF0526BAE75F4B5F4A13F904A05F4B6E
:10D2D0001268D3F800905E490C2303FB05932046A7
:10D2E0005B7A03EB430302EBC30393F90230B342CF
:10D2F000B8BF33460A9304F019FD424639468346C7
:10D300000A9804F0FDFC05EB45084FEA88080D90EB
:10D3100059F8080007F0CEFD00264FF47A63072C79
:10D32000CDE90763CDE905660D991BD10123CDE950
:10D3300003630523CDE901634FF47A7303FB0AF31A
:10D34000009346F2A8125B46304607F0CFFF3746FF
:10D3500059F80800214605F0B5FD0B99204606F066
:10D3600079F8A5E501270823CDE90173CDE9036725
:10D37000CDF800A05B463246384607F0B7FFE7E736
:10D3800000230A93FFF7F6BB324B1B689A880132E1
:10D3900092B29A80A4F81E2109F076FC10B11123F4
:10D3A000FFF74BB804F590730093D4F80811334697
:10D3B0001322FEF74BFC0028F1D109F065FC002890
:10D3C000EDD1254A94F80C11D2F84033118043F086
:10D3D0000203C2F8403392F81C340133DBB282F806
:10D3E0001C3482F84934901C0023C2F89C3407F0A6
:10D3F000CDFBFFF7BDBA1D46FFF7E3BB0023019548
:10D400000093D4F8103194F83011D4F82C0104F0C2
:10D41000DDFA00283FF4DEABC1E70923FFF70DB8C2
:10D4200058F00108580D0020540D002038F0010874
:10D4300030F101085C0D0020A40D0020F0F001087F
:10D440000000F04158F00108640D0020600D00203C
:10D4500038F0010850290020E829002070B5184C48
:10D460001848194D0BF0D6FDD4F84033D4F89C047D
:10D47000D5F8846023F02003C4F8403338B1FDF7B9
:10D48000E2F9864203D2002385F83A3070BD0120CC
:10D49000FEF7B6FD0028F9D00B28F7D095F8393003
:10D4A00084F84634092094F81C3484F8493484F80C
:10D4B000450404F065FABDE870400BF055BC00BFB0
:10D4C000E8290020502D0020082F00202DE9F04FE2
:10D4D00095B000230746894607920493FEF722FD84
:10D4E000002840F02282FEF709FD0128834607D07C
:10D4F0009D4BD9799879FCF705FA6FF0020510E297
:10D500009A4BDFF86CA29B4C83F80890DFF8688296
:10D510009AF904300593A36A0D931093D8F8003458
:10D520001193238F94F8CD208DF828205BBAADF8A5
:10D53000483094F8743094F8CC208DF84B300021AA
:10D5400094F840308DF82C208DF83C1098F81C246D
:10D5500094F806118DF84C300DAB7E788DF83020A4
:10D560008DF83D108DF84A2000930BAA0CAB0AA948
:10D570000FA806F0AFFB9DF92800FCF7FBF87F4BE6
:10D58000D3F808320F2B04D8984202D31E44B0427D
:10D590005ED200260396B1466FF0060597E80300B9
:10D5A000774A724B82E803009AF804209A72FEF7D9
:10D5B000B9FC0146002840F0AD81142207467148AD
:10D5C00006F0BCFD012288F8452494F81C21022AAB
:10D5D00007D194F80421022A03D194F80A21002AE1
:10D5E00043D0B9F1010F16BF02220422CB46022319
:10D5F0008DF834300DA994F8743094F840008DF80B
:10D60000363062F3471704F083FF94F8061109904F
:10D6100094F81C2194F8093140B241BB059B834228
:10D62000B8BF0346184694F874308DF828000522D8
:10D6300094F840008DF82A300AA905F073FD0346DE
:10D64000002800F069819DF8283084F8393012E014
:10D650003B780493B9F100097B687E78039318BF87
:10D660004FF001094FF0FF3598E70422BFE7012A88
:10D6700001D1002BD7D0D8F89C04D4F8849030B1D5
:10D68000FDF7E1F881453CBF002384F83A30228F52
:10D69000238F94F81C110692A26A0B925BBA0029A0
:10D6A00000F0368194F8071101B92163DFF8C480D6
:10D6B000ADF8483098F8041198F860302E4C8DF889
:10D6C0004A30013998F874308DF84B30D1F10009A7
:10D6D00098F84030109249EB010998F83A10D4F8C4
:10D6E000002405918DF84C304FF001010BAB98F8F8
:10D6F00006A18DF83C101192009308F1380208F150
:10D70000600308F139010FA88DF83DA006F0E2FA98
:10D71000059B4FEA091949EA43194FF0000323809A
:10D7200084F81E3400230C93039B002B08BF0026B3
:10D7300049EA80193246194604F59C7005F0CAFE84
:10D74000FAB2A770C7F3421749EACA19F3B2042F15
:10D75000CA4684F8373217D0072F00F0C380022F53
:10D7600016D00224A6E000BF200100200401002002
:10D77000CC340020082F0020E82900204427002076
:10D78000140100202C2E00204FF0010184F81E14FB
:10D790006E4E84F8303106F59B73C4F82C316C4B17
:10D7A00084F80D2104211B6884F80411DB68049AB5
:10D7B00084F828210133A4F81631C4F85034654B9D
:10D7C000D8F8D420D3F80832C4F81021FF21002261
:10D7D000C4F8086184F80C1184F81491A4F8482462
:10D7E0000C93BBB198F93900FBF7C4FF94F83732BA
:10D7F000002B67D00C9B0F2B54D806F58B720CA90D
:10D800000F2005F0ADFE002853D10C9B63F3030AF3
:10D8100084F814A10798FEF7F3FB0446002849D1C9
:10D820000B9BC8F828304B4B88F83A001868002842
:10D8300067D1494B93F8952483F844B442F0010230
:10D8400083F89524444BD3F89834A346434A136095
:10D85000BBF1110F73D801A353F82BF031D9000895
:10D860002BD900083FD900083FD900083FD900084C
:10D870003FD900083FD90008FBD400083FD9000871
:10D880003FD900083FD900081FD900083FD9000838
:10D890003FD900082BD900082BD900082BD9000844
:10D8A00045D9000806F29E420CA905F059FE002851
:10D8B000B0D01324069BA8F83830274B002283F8F9
:10D8C0001E24BFE706F29E4632460CA905F048FE2C
:10D8D0000028EED10C9B84F82801C4F82C6184F850
:10D8E000303197E7039B002B94D0002E92D019463D
:10D8F0003246E01C05F0EEFD94F837320133238008
:10D9000088E7037B06680BB90BF0F0F930468EE729
:10D910000724D2E7002399E74FF0030B96E76FF057
:10D920000505284615B0BDE8F08F6FF00105F8E752
:10D930000B4B00221A70EB1D18BF1546F1E74FF094
:10D94000FF35EEE76FF00405EBE700BFEA290020A2
:10D950005029002044270020E82900202407002027
:10D96000C8340020000000002DE9F04FB3B00023C0
:10D97000CDE9143312937E4B1D7815B908F094FA53
:10D98000054608F091FA58B14FF090434FF4806289
:10D990001B6913F4806F774B1ABF00259A629A6156
:10D9A000754C764A236811685B1A42F20F718B42FC
:10D9B00003D9236813600AF043FC714B714E1B7846
:10D9C000002B59D1704923680A689B1A41F28732AB
:10D9D00093420AD923680B603DB1664D4FF48067CE
:10D9E000AF62642008F0AAFAAF61684A2368116840
:10D9F0005B1AB3F57A7F3FD323681360B37E002BA5
:10DA00002ED0634C08F050FAD4E90C23CDE90E2354
:10DA1000D4E90A23CDE90C23D4E90E23CDE90A2366
:10DA2000054651A3D3E90023D4E91401FAF70CFE0B
:10DA3000CDE90801D4E90423CDE90623D4E9022382
:10DA4000CDE90423D4E90023CDE9022394F8403042
:10DA50000093504B50491B682A468020FCF7B0FFCA
:10DA60004E4A136843B14E4B196829B112684D49AB
:10DA70001B680220FCF7A4FFFCF788FCF37E002B58
:10DA800001F00681EFF3108272B6474F00213B6828
:10DA9000396082F31088002B00F0AC81DAB213F009
:10DAA000200F424E109200F09B80414C94F80431BC
:10DAB000022B01D007F004F8D6F8B0133D480BF064
:10DAC000EDFA3C480BF006FAD6F8B4133A480BF0DE
:10DAD000E5FA39480BF0FEF996F81E34002B3DD0DC
:10DAE000152326A994F840008DF8983004F010FD15
:10DAF000D6F8B4131C90014430480BF0CFFA2F48ED
:10DB00000BF0E8F92E4B96F81F541B68E36218A837
:10DB1000FBF77CFCD4F81021189BB4F814119B1A65
:10DB2000BDF86420521A100494F81C2194F84000A7
:10DB3000D6F8201448BF03F1FF33003A18BF012282
:10DB400009284DD8DFE810F03E009900A300AD0091
:10DB5000B700C100CB00D500DF00E90086F84534EE
:10DB6000D0E700BFAFF300802EFF21FDF675E03F48
:10DB7000BA0D002000040048A0260020200D00203F
:10DB8000B80D0020E03400201C0D0020180D0020EE
:10DB9000D82100200C02002042080208140D0020A9
:10DBA000100D00209908020854290020E8290020BF
:10DBB000082F0020682D0020802D0020EC2D002053
:10DBC000680D00205A4800680C2404FB0500594CDD
:10DBD000407A00EB4000246804EBC0000BF002F830
:10DBE000109BD90640F1DA80534B544DB3F90A200B
:10DBF000D3F804A01C8993F90C3011933B78A6F854
:10DC0000902423F00103119A3B7086F8922400239C
:10DC100096F8942486F84834A6F8263486F82934F1
:10DC2000C6F82C34A6F8303486F83234C6F83434CA
:10DC300086F82434C6F8383486F83C34C6F84034C4
:10DC4000D5F8D49086F8932406F03AFF96F89334EA
:10DC500013B93B480BF0DEF99AF8003013935B09D7
:10DC6000013B062B00F21587DFE813F09000130745
:10DC70004805130745051307FC06324800680C24C5
:10DC800004FB0500304C407A00EB4000A3E72F482E
:10DC900000680C2404FB05002D4C407A00EB40008A
:10DCA00099E72C4800680C2404FB05002A4C407AB4
:10DCB00000EB40008FE7294800680C2404FB0500B6
:10DCC000274C407A00EB400085E7264800680C248A
:10DCD00004FB0500244C407A00EB40007BE723481E
:10DCE00000680C2404FB0500214C407A00EB400046
:10DCF00071E7204800680C2404FB05001E4C407AA4
:10DD000000EB400067E71D4800680C2404FB050099
:10DD10001B4C407A00EB40005DE71A4800680C2479
:10DD200004FB0500184C407A00EB400053E700BFAD
:10DD3000240D0020280D0020A80D0020082F002011
:10DD4000802D0020700D00202C0D00209C0D002047
:10DD5000300D0020340D0020380D00203C0D002037
:10DD6000400D0020440D0020480D00204C0D0020E7
:10DD7000500D0020540D0020580D0020A40D00204F
:10DD80005C0D0020600D0020640D0020102C00F2BE
:10DD9000CB80012386F82534FBF74CFD109B1E0732
:10DDA0001AD5914B93F80431022B01D006F088FE6E
:10DDB0008E4C0220FBF7C0FC84F8450403F0E0FD24
:10DDC00094F81E3413B1012384F81D3494F895346B
:10DDD00043F0200384F89534109B5D0703D506219A
:10DDE0000520FCF73DFD109B9C0703D50421032073
:10DDF000FCF736FD7D4C94F89554A8062FD50023EA
:10DE000084F89634D4F84033190644BF23F08203D3
:10DE1000C4F8403315F0050F13D00B2003F0CAFDF2
:10DE200005F0010605F00403002800F04886002EE6
:10DE300040F05687D4F840231BB122F00202C4F808
:10DE40004023D4F84063002E00F0A886012384F814
:10DE5000963494F8953443F0400384F8953494F85C
:10DE6000953418070AD523F00803614984F89534DE
:10DE7000D4F84433A1F12400DB68984794F8953432
:10DE800099070AD523F00203594984F89534D4F848
:10DE90004433A1F16C005B68984794F89434022BEA
:10DEA00001D104F02BF894F895345A0608D523F0E4
:10DEB000400384F89534D4F840330BB908F06AFE77
:10DEC0004C4E0024354655F8043B4BB11A693AB123
:10DED0009B682BB1984718B155F8043C1B699847CB
:10DEE0000134E3B2052B64B2EDD1002456F8043BB3
:10DEF000002B40F0C8860134E3B2052B64B2F5D1A3
:10DF00003D4C2378002B00F0C3863C4B0022D9788F
:10DF1000ADF8982026A82792FFF7D8FA002840F0FD
:10DF2000B786207000F0B4BE95F81C11CDF870A033
:10DF3000E4B28DF8744000297FF42BAF212226A88B
:10DF40000EF05CF82E4B1F68212CB7F8049041D8D6
:10DF50001FFA84F84246514626A805F0BBFA08F19C
:10DF6000FF331A0799B235D101220DF199030AEB5B
:10DF70000200FDF745FF68BB04F1C8036B4413F8CA
:10DF8000332C13F834AC13F832BC13F8316C9DF811
:10DF9000A3301192DB091DD11A93A8F104021AAB28
:10DFA000009392B2012326A9FDF750FE90B93606E0
:10DFB000119B46EA0B4646EA0A0646EA03261A9BE6
:10DFC0009E4207D126A99DF874201C9805F082FA7C
:10DFD0001C99B9B9012003F0EDFC002800F0118173
:10DFE000012107200BE100BF082F0020E8290020B5
:10DFF000782E0020EC260020C8340020CC340020ED
:10E000005029002011F8013B8DF8753003220DF1E5
:10E01000760005F05FFA1C99032204310DF17900B6
:10E0200005F058FA1C99CB791F930A7A43EA022328
:10E030001F934A7A43EA02431F938A7A43EA0263B0
:10E040001F93CB7A8DF880300B7B8DF881309DF853
:10E050007430212B40F0928010220D310DF182009E
:10E0600005F038FA1D221C999DF878608B5C259389
:10E07000501C3604085C43EA0023901C2593085C7E
:10E08000033243EA004325938A5C43EA02639DF826
:10E09000772025939DF8763046EA02261E43BB681A
:10E0A0009E4297D0BE60002009F0F9F8002891D177
:10E0B00003F015FD00288DD19DF87B809DF87A2016
:10E0C0009DF879304FEA084848EA022848EA0308F0
:10E0D00042464B463146032003F0D7FC00287FF42C
:10E0E00079AF4B4642463146022003F0CEFC002871
:10E0F0007FF470AF4FF0FF33C7E90433B870F860B6
:10E10000BB619DF87B309DF87A2085F81A011B04CD
:10E1100043EA02239DF879201343C5F8D0301F9BB2
:10E12000C5F8D4309DF88030C3F30212C3F3030363
:10E1300085F8683085F870309DF8813085F8612069
:10E14000012B4FF47A7238BF012353432B651344DC
:10E150006B65A84B95F8405093F81F34113CE4B21E
:10E16000092D42D8DFE815F00F0068008E0012017B
:10E170009601CB01000235026A029202112B3FF791
:10E1800029AF0D226FE75023102C8DF8A0302CD131
:10E190009DF89180B8F1000F27D11CAF02266424AE
:10E1A00026AD062E0ED83B7DFA7C1B0443EA0223E3
:10E1B000BA7C13436343CDE9263853B930460AF09D
:10E1C00049FD0CE0CDF898808DF8A080CDF89C80BA
:10E1D000F4E71AA81A958DF86C6005F0E9FD013690
:10E1E000F6B2102E07F10307DBD1834B0222012088
:10E1F00083F81C2103F0DEFB18B10121002003F09D
:10E20000ADFB7C4A92F8953443F0080382F89534CC
:10E21000784C94F89334012B00F24A8494F81E341D
:10E22000002B40F03D8494F8953443F0200384F8AB
:10E230009534FBF781FAB1E5102CD6D19DF89130D9
:10E24000012BD2D16D4B1D686D4B1A681CA805F2CD
:10E250005E34023A0021837C24F8023FC67C042904
:10E2600043EA0623238004BFDBB2A5F8683332F803
:10E27000023F2688013133400529138000F1020056
:10E28000E9D1B2E75F4A10680121132B80F8793396
:10E2900080F87A133ED9012380F878330821DFF81B
:10E2A00068A1DFF86891DFF86881DFF868E1DFF8DE
:10E2B00068C15A4F5A4E5B4D04238B465A4A102C64
:10E2C000C2E901A9C2E9038EC2E905C7C2E907652F
:10E2D00013705370917082F803B086D19DF891202D
:10E2E000012A82D1514A11681CAC00F25E3001EB68
:10E2F00043038B4204F102043FF477AF227C20F801
:10E30000022F657C42EA052202800D882A4021F80E
:10E31000022BEEE7464AD35C80F87833002BBAD064
:10E32000032B14D0042B21D0022BB7D1DFF804A18A
:10E33000DFF80491DFF80481DFF804E1DFF804C1BD
:10E34000414F424E424D04234FF0200BB6E7DFF819
:10E3500004A1DFF80491DFF80481DFF804E1DFF8BD
:10E3600004C1414F414E424D8B46A7E7DFF804A15F
:10E37000DFF80491DFF80481DFF804E1DFF804C17D
:10E38000414F424E424D03238B4697E75023102CBA
:10E390008DF8A0307FF429AF9DF89180B8F1000F7F
:10E3A0007FF423AF1CAF642426AE072D0ED83B7D2F
:10E3B000FA7C1B0443EA0223BA7C13436343CDE98E
:10E3C000263853B928460AF02DFC0CE0CDF8988089
:10E3D0008DF8A080CDF89C80F4E71AA81A968DF8E5
:10E3E0006C5005F023FD0135EDB2102D07F1030748
:10E3F000DBD1FAE6E8290020082F0020700D00206C
:10E400006C0D00209C0D0020E10E0108E50D0108B7
:10E41000ED0D0108691101084D0E0108A50E010856
:10E42000B90E0108E50E0108780D0020740D0020DA
:10E4300074F70108A90F0108190F0108210F01083D
:10E440002D120108250F01087D0F0108810F010819
:10E45000C50F0108ED0F0108F50F0108991101081A
:10E46000FD110108F90F01082510010839100108F4
:10E47000591001086110010879120108F911010809
:10E480003911010869100108951001089910010857
:10E49000B91001085023102C8DF8A0307FF4A5AEE0
:10E4A0009DF89180B8F1000F7FF49FAE1CAF03265A
:10E4B000642426AD072E0ED83B7DFA7C1B0443EA6C
:10E4C0000223BA7C13436343CDE9263853B930465F
:10E4D0000AF070FB0CE0CDF898808DF8A080CDF8A4
:10E4E0009C80F4E71AA81A958DF86C6005F0DCFCA6
:10E4F0000136F6B2102E07F10307DBD175E6502383
:10E50000102C8DF8A0307FF470AE9DF89180B8F19A
:10E51000000F7FF46AAE1CAF0326642426AD072EDD
:10E520000ED83B7DFA7C1B0443EA0223BA7C1343DA
:10E530006343CDE9263853B930460AF023FB0CE09B
:10E54000CDF898808DF8A080CDF89C80F4E71AA8CB
:10E550001A958DF86C6005F0E5FC0136F6B2102EC8
:10E5600007F10307DBD140E65023102C8DF8A030D3
:10E570007FF43BAE9DF89180B8F1000F7FF435AE8B
:10E580001CAF0326642426AD072E0ED83B7DFA7CF3
:10E590001B0443EA0223BA7C13436343CDE92638C4
:10E5A00053B930460AF0BEFA0CE0CDF898808DF8E9
:10E5B000A080CDF89C80F4E71AA81A958DF86C60BD
:10E5C00005F036FD0136F6B2102E07F10307DBD158
:10E5D0000BE65023102C8DF8A0307FF406AE9DF88A
:10E5E0009180B8F1000F7FF400AE1CAF03266424C5
:10E5F00026AD072E0ED83B7DFA7C1B0443EA02238E
:10E60000BA7C13436343CDE9263853B930460AF048
:10E61000A1FA0CE0CDF898808DF8A080CDF89C8010
:10E62000F4E71AA81A958DF86C6005F0C3FC013662
:10E63000F6B2102E07F10307DBD1D6E5102C7FF4DC
:10E64000D4AD9DF89130012B7FF4CFAD9A4B1D686E
:10E650009A4B1A681CA805F25E34023A0021837CAA
:10E6600024F8023FC67C042943EA0623238004BF22
:10E67000DBB2A5F8683332F8023F26880131334017
:10E680000529138000F10200E9D1AEE55023102CDA
:10E690008DF8A0307FF4A9AD9DF89180B8F1000FFE
:10E6A0007FF4A3AD1CAF0226642426AD072E0ED046
:10E6B0003B7DFA7C1B0443EA0223BA7C1343634389
:10E6C000CDE9263853B930460AF014FA0CE0CDF8FB
:10E6D00098808DF8A080CDF89C80F4E71AA81A9550
:10E6E0008DF86C6005F0ECFC0136F6B2082E07F1EF
:10E6F0000307DBD179E5012386F8243495F87530DA
:10E700008DF86A3096F828348DF8693095F88030A5
:10E7100095F840000D331AA98DF8683003F0F8FE23
:10E72000A4F10D031BB2179023EAE37300B28342F6
:10E730003FF72FAB0B2C7FF62CAB614B2F9326A80A
:10E74000FF23CDF898A08DF89C408DF8C03004F0E0
:10E7500039FF824600287FF41CAB9DF8A42028983E
:10E76000C6F8380412F00F0304D09DF8B810002941
:10E7700040F082809DF8C01000297FD0002B7FF4EC
:10E7800008AB9DF8B830002B14BF03270227D5F83B
:10E79000DC1095F8DA30884204D04FF0000B4FF0CF
:10E7A000010818E0002B6BD0D5F8F80095F8DB8055
:10E7B000D0F800B095F80401022802D1032086F8B1
:10E7C0009304032F7FF4E5AA12F0600F7FF4E1AA0F
:10E7D00089464FF0010A95F81A21B8F1000F51D07F
:10E7E000B8F1010F65D1012A4ED10925FD4005F090
:10E7F0000105013500221CA92846BDF8A6401C923F
:10E8000008F0A4F9002848D1DDF870B0BBF1FF3F53
:10E8100006D01FFA8BF2A21A002A37DD0BEB020496
:10E8200000221CA928461C9208F090F9002840F00C
:10E83000D6801C9A944202D8013240F0D08026A89B
:10E8400004F0C0FE002840F0CA801E4A11784145FD
:10E8500004D01179414540F0C2800120289B02EB91
:10E860008002994592F801B092782FD00A23164A77
:10E8700082F82534FFF790BA574688E7012786E7E4
:10E880009B468CE70425B5E70325B3E707D06FF374
:10E890000F0BA3440BF58034C2E7072809D10822E7
:10E8A000094B83F82524C3F834B4C3F870B4FFF7D8
:10E8B00073BA0122F4E700BFA40D0020A00D0020D0
:10E8C000202C002050010020E8290020AC4B9DF8AE
:10E8D0009C101E68319B26980439CDE9004389B20B
:10E8E0004B4609F0D4F8002876D19DF8B8309DF851
:10E8F000C0102F980194002B4FF00103009314BF18
:10E900005A4602224B4603F061F8002864D1032DD9
:10E910005ED0042D5ED0022D14BF346174619DF869
:10E92000A420984DC2F3001185F8291495F893148A
:10E9300085F826A4C2F34012012985F8322485F80F
:10E94000482498BF904AC5F834444FF0000398BF5C
:10E95000936285F82534C5F82C3485F8303485F871
:10E9600045349CBF012382F80A31BAF1010FC5F882
:10E97000704436D1022385F82434012995F84424C3
:10E980009DF8A43005D8012A01D19B0601D50AF0D3
:10E99000D5F9022F95F8933444D0032F09D09DF870
:10E9A000A410119A012F01F00F012AA83ED00AF0FD
:10E9B0008DFB9DF8B83085F827342F9BC5F82C3493
:10E9C0009DF8C03085F83034012385F8313433E0C8
:10E9D000B461A4E7F461A2E702283FF447AF0B2338
:10E9E00045E7139B03F0E003A02B674B14D193F88A
:10E9F0001A01012283F83A2008B931985863012995
:10EA000085F82424B9D9D3F88430C5F840345F4B55
:10EA10001B68C5F89C34B0E7002283F83A2085F8DB
:10EA20002424AAE7119A9DF8C0102F980AF04EFBF3
:10EA30009DF8B83085F827349DF8B820E02A09D130
:10EA4000514B93F80B312BB985F82724C5F82C349A
:10EA5000A5F8303495F8953443F0020385F89534E1
:10EA6000FFF7D6BB4A4D013CA2B20AF1010128468C
:10EA700004F030FD0323A6F8243496F89534C6F844
:10EA80002C5443F0020386F8304486F89534FFF79F
:10EA9000BFBB012386F82534FAF7CCFEFFF7B8BBDD
:10EAA00094F84834002B3FF4BEAB0020FAF7AAFEDE
:10EAB00094F89334022B3FF4BCABFFF7B4BBE3B143
:10EAC000012002F077FF98B1324B93F8202042B139
:10EAD000596801200AF0F0F818B143780BB984F8AE
:10EAE0001C34D4F8403323F00203C4F8403304E06C
:10EAF000052002F05FFF0028F3D1002E3FF4A1A90A
:10EB000094F844340BB1032B19D11F4B94F81C24F7
:10EB100093F860309A4205D2AA0724D594F893342A
:10EB2000012B20D81C480AF075FAD4F8403323F0A2
:10EB30002003C4F840330AF017F9FFF782B9012B1C
:10EB400011D194F81D34002B3FF47BA90E4B94F89F
:10EB50001C2493F860309A42E4D2AB0703D594F8B2
:10EB60004834002BDED194F89534002023F02003A4
:10EB700084F8953484F81D04FEF770FCFFF761B942
:10EB800050290020E8290020082F0020A80D00208F
:10EB9000202C002020270020502D002094F8955490
:10EBA00015F001021EBF2B4666F3000384F895346E
:10EBB00094F895345F0744BF23F0040384F8953438
:10EBC000012384F8963422B1D4F8443348481B68B2
:10EBD00098476D0712D5474D95F8207005F11C092F
:10EBE00005F10C0AF3B29F421DD895F820302BB1E5
:10EBF00094F8953443F0040384F8953494F89534EC
:10EC000023F0200384F89534D4F84033002B7FF4AC
:10EC10001DA9394B1B68002B3FF418A91A7B002A49
:10EC2000F8D0FFF713B96B6893F8008084F8588424
:10EC300093F801B084F859B49A780AB32B682F4836
:10EC40009B6810929847DDF848B0DDF85480109A20
:10EC500095F8203043B1013B85F820306B684B4577
:10EC600014BF043353466B6022B9149B5946404687
:10EC70000AF008F80136CDF848B0CDF85480B1E775
:10EC8000DB781493E4E7DB68984700283FF433A966
:10EC90001B4C07F003F92378834225D007F0FEF8D8
:10ECA0001849207002460120FBF78AFE2378DBB169
:10ECB000154C23788BB1FBF753F907F0EFF898B1B7
:10ECC000237883F00103002B14BF0520002023705C
:10ECD00033B0BDE8F04FFCF7A9B8FBF7FFFBECE75A
:10ECE000002B7FF4EDAE0BE733B0BDE8F08F00BF33
:10ECF0002C2E00202027002044270020402E00201A
:10ED0000B90D0020C8080208B80D002037B5234C03
:10ED10006378002B35D0224AFBF78EFD63681268BA
:10ED20001344834205461BD2A37ACBB1E0228DF86F
:10ED300000208DF80130217AE368019301226846B2
:10ED4000FEF7C4FB20F004035BB2063315D115486F
:10ED50004FF47A710AF0A2F912480AF0BBF8656024
:10ED600094F83430C3B1002384F834300E4B5B6B1D
:10ED700093B103B0BDE83040184700236370A3721D
:10ED8000EDE794F83520002AEAD094F8360084F8AC
:10ED900035300AF00BF8E3E703B030BD5806002029
:10EDA0002407002040060020580100207FB5354C84
:10EDB000354DB4F8CC202287D4E92A0194F8A52057
:10EDC00084F8612004F1640282E80300D4E92C0194
:10EDD00004F16C0282E803000123B4F8B820A4F81F
:10EDE0000C31A4F874208DF80C30D4F8BC20A26744
:10EDF00004F5F2730026D4F8C020009304F5FC73E8
:10EE0000E26784F81C61A662C5F89C6484F8076117
:10EE1000A5F81C6485F81E6484F83A6084F80961DA
:10EE200084F80A6169460193184B94F840000293F4
:10EE300004F022FC636EC5F8D43394F8753085F87D
:10EE4000E03394F8803085F8E1334FF48073A5F80F
:10EE5000E23385F8D06394F81C3185F81F6405F51A
:10EE6000747685F8E4330FCE05F57A740FC496E80E
:10EE7000030040F2012384E80300A5F8FA3304B04C
:10EE800070BD00BF082F0020E8290020582900206D
:10EE90002DE9F04FDFF8D4B0354D9BF85E30354C9E
:10EEA000354FDFF8D880DFF8D8C0DFF8D8A0A1B0A0
:10EEB00040F2FF322B700323C4E90032324A3A6039
:10EEC000324A334B7A60334ABA60334AFA601A687E
:10EED000C8F800205A68C8F804209A680690C8F854
:10EEE00008202E482E4AC8F80C204FF0817202608C
:10EEF000DA6B42601A6C82605A6CC260294A996966
:10EF0000C2F800C00026284ACAF80030C8F810101D
:10EF1000C4E90266CCF828209A6B9B6CCCF834309C
:10EF2000224BCCF83020CCF82C30CCF81410DCF884
:10EF300004301F49F22298470FCDDFF878E0F446FD
:10EF4000ACE80F002B68CCF800301B4B62681E70D9
:10EF50009EF800304FF0010909FA03F111422FD158
:10EF600016490820FBF72CFDFEE700BFE034002027
:10EF7000F801002010270020B8340020A43400201D
:10EF8000580100209C340020F59A0008499B000895
:10EF9000AC01002025B80008859A00080027002051
:10EFA000FD930008EC26002005990008C59900088B
:10EFB0004E050020CC340020C8340020E9080208A7
:10EFC0003A68002A00F0A2827A68002A00F09E8245
:10EFD000BA68002A00F09A82FA68002A00F0968245
:10EFE000092B079300F29282D44CD54D276004F18F
:10EFF0000C001422FF21C4E9010084F8206005F010
:10F000009DF884F82190CF4C31464FF4B2622046EF
:10F0100005F094F831464FF4A462284605F08EF8C6
:10F02000C94A079BC4F8182104F5F272179204F537
:10F03000FC721846189217A9C44A199284F84030F5
:10F0400084F8046184F880608DF8686004F014FB33
:10F050000F230EA994F840008DF8383003F058FAC9
:10F06000003818BF01200A2284F808010EA994F87C
:10F0700040008DF8382003F04BFA062384F8CC00CA
:10F080000EA994F840008DF8383003F041FA1021B1
:10F0900084F8CD008DF8381094F840000EA903F0E4
:10F0A00037FA1121C4F890008DF8381094F8400018
:10F0B0000EA903F02DFA1221C4F894008DF838102F
:10F0C00094F840000EA903F023FA1321C4F8980025
:10F0D0008DF8381094F840000EA903F019FA1421A5
:10F0E000C4F89C008DF8381094F840000EA903F085
:10F0F0000FFA1621C4F8A0008DF8381094F84000DB
:10F100000EA903F005FA172184F8A5008DF8381030
:10F1100094F840000EA903F0FBF91821C4F8A800E8
:10F12000C4F8B0008DF8381094F840000EA903F030
:10F13000EFF91D21C0B284F8AC0084F8B4008DF85A
:10F14000381094F840000EA903F0E2F91E2184F86B
:10F15000B8008DF8381094F840000EA903F0D8F9E3
:10F160001F2184F8B9008DF8381094F840000EA9DA
:10F1700003F0CEF92021C4F8BC008DF8381094F8C3
:10F1800040000EA903F0C4F90B21C4F8C0008DF8AB
:10F19000381094F840000EA903F0BAF90C21A5F834
:10F1A00000048DF8381094F840000EA903F0B0F96F
:10F1B000062384F88C3084F84830D4F89030E36427
:10F1C000D4F894302365D4F898306365D4F89C3033
:10F1D000A3650A22D4F8A030C4F888206264E365ED
:10F1E0000B90A5F80204C5F8488384F8A49084F82D
:10F1F000609084F80B91FFF7D9FD5549C5F8447329
:10F2000005F55A70C4E90B6685F8956484F8059194
:10F21000C5F8409308F02CFC4E4905F5607008F0E5
:10F2200027FC4D4905F5667008F022FC08AF4B49F4
:10F2300005F2044008F01CFC3846FAF7E7F897E8B6
:10F24000030004F5887383E80300454B1E60454BBB
:10F25000C5F84C33444BC5F85433444BC5F85C33C4
:10F26000434BC5F8503304F59277424B424EC5F8F4
:10F27000583305F5537006F04DF9C0223F49D8F8D0
:10F2800008803760384604F025F9DBF82600DBF803
:10F290002A1004F5967303C3DBF82210DBF81E0076
:10F2A0003B4603C304F2351005F0CEFB04F5A37012
:10F2B00005F0CAFB04F5B47005F0C6FB04F2571064
:10F2C00005F0C2FBB8F1000F01D03846C0472C4B07
:10F2D0001C48DFF8B0801C602822002104F02EFFBB
:10F2E0000027294B23604FF403724FF0FF33394658
:10F2F0004046C4E90373C4E90533C4E9073304F0A5
:10F300001DFF224BC4F8F830C8E9007705F006FD70
:10F310001F4B186094F805011E4C05F083FF05F0A3
:10F32000CFFB012385F896340EA827238DF83830BB
:10F3300005F014F8002840F0F3802DE0202700208D
:10F34000E8290020082F002000040001582900208F
:10F350005DD400086D980008B5980008059800086D
:10F3600054290020A5AA0008F9AA0008D99300088A
:10F3700049AB00087DAB000898340020F423020854
:10F38000502900204427002000010101242F0020E3
:10F3900090010020A034002001232370DAF800300F
:10F3A000DB690BB10020984706230EA88DF8383092
:10F3B00003F072FC7B4B0F9A5A610EA827238DF83D
:10F3C000383003F069FC0F9A774B92F840101970AF
:10F3D00092F8041192F8062159709A70714C022526
:10F3E0000EA88DF8385003F057FC0F9908222046DC
:10F3F00004F070F803270EA88DF8387003F04CFC69
:10F400000822A0180F9904F065F868490820FBF756
:10F41000D7FA0020FCF7B0F90120FCF7ADF96449F8
:10F420000820FBF7CDFA3846FCF7A6F92846FCF78A
:10F43000A3F960490820FBF7C3FA3168C8794B7813
:10F440000A780590887904904879039008790290A9
:10F45000C87801908978009108205749FBF7B0FAE5
:10F460003168C87B4B7A0A7A0590887B0490487B88
:10F470000390087B0290C87A0190897A0091082055
:10F480004E49FBF79DFA237D0193637D0093E27D56
:10F490004B49A37D444C0820FBF792FA0F2501232A
:10F4A0000EA88DF83C308DF8385004F057FF10232B
:10F4B0008DF838300EA800238DF83C3004F04EFF54
:10F4C00004238DF838300EA8A3788DF83C3004F072
:10F4D00045FF38238DF838300EA823690F9304F0C8
:10F4E0003DFF0CA920788DF8305003F011F800385A
:10F4F00018BF01202323A0718DF85C3017A81423B6
:10F50000189304F02BFFA07903F092FF069B002BC9
:10F5100042D00121022021B0BDE8F04FFAF7F2B944
:10F5200028238DF83830DAF800301B694BB10EA86B
:10F5300003F0B2FBDAF800300F981B694FF4B261A8
:10F54000984727230EA88DF8383004F007FF50B9EC
:10F5500001230EA88DF8383003F09EFB9DF83C3057
:10F56000002B7FF419AF2378002B7FF417AF05220F
:10F570000EA88DF838200F9304F0F0FEDAF8003072
:10F58000DB689847074B0F90586106230EA88DF84B
:10F59000383004F0E3FE21E7FCF7B0FC0128B8D1D5
:10F5A0000699B8E794010020CC34002047090208EE
:10F5B000710902089B090208C5090208180A020815
:10F5C0006B0A0208000000002DE980484FF0B045AA
:10F5D000D1B0AB6C594E5A4C43F00403AB64AB6CE6
:10F5E00003F004031793179BAB6C43F00103AB6468
:10F5F000AB6C03F001031693169B524BB360F0689B
:10F600000021C0F3022007F0EDF90001C0B284F838
:10F610000B034FF40063236000210C2007F0F8F97E
:10F620004FF480532360F0680021C0F3022007F0FC
:10F63000D9F90001C0B284F80D034FF400532360E0
:10F64000F268414B22F4E0621204120C1343F3609F
:10F6500006F070FE07F0F6F9AB6823F40043AB60E8
:10F660003A4B1A6822F007021A601A685107FCD157
:10F67000374A136823F4C06343F4007313604FF0F8
:10F68000B0431A6842F001021A601A689207FCD56A
:10F690001A682F4942F008021A601A6822F0F00234
:10F6A00042F060021A605A6822F47F425A600A6887
:10F6B00042F480720A60D3F8902022F01802C3F856
:10F6C0009020D3F8902042F00102C3F8902006F079
:10F6D0009BFB0128FBD14FF0B0431A6842F00402B3
:10F6E0001A609A6822F003029A609E6816F00C066F
:10F6F000FBD19A68174D22F0F0029A60D3F80821E6
:10F7000022F00F02C3F808219A6822F4E0629A609E
:10F710009A6822F460529A600D4A0F4B2B6013686E
:10F7200023F4C06343F48063136007F08BF904464D
:10F73000B0B10A4A9723314605F0CCFE00ED00E057
:10F7400000E100E0008000080003FA0500400058D6
:10F75000000400584C01002000093D00AA0A0208DC
:10F76000012006F08FFB022006F08CFB042006F03F
:10F7700089FB1022214631A80CF040FC4FF6FF77A0
:10F780000323CDE92F7301233293A84BD3F8F03034
:10F79000DB070CD42FA94FF0904008F0CBFCA44815
:10F7A0002FA908F0C7FCA3482FA908F0C3FCDFF875
:10F7B00080924FF090464FF480674FF400784FF4FA
:10F7C00000444FF0040B1022C9F828400021C6F86D
:10F7D000188038A8C6F818B0C9F818700CF00EFCDC
:10F7E0004FF0010A36A94846CDE9364A08F0A2FC96
:10F7F000304636A9CDF8D8B008F09CFC304636A982
:10F80000CDF8D880CDF8E4A008F094FC36A948469D
:10F810004FF00008369708F08DFC304636A9CDE948
:10F8200036A8CDF8E88008F085FC0823CDF8E880FC
:10F8300036A94FF0B0484846369308F07BFC36A90D
:10F840003046369708F076FCD8F888307A4F23F0A7
:10F850000303C8F88830D8F8603043F48043C8F810
:10F860006030D8F8603003F4804318930220189B6E
:10F8700006F008FB0FCF36AE0FC697E803008023D3
:10F8800086E8030036A94846369308F053FC402327
:10F8900036A94846369308F04DFC684B1A68D607DF
:10F8A00034D41968664A0A4042F00C021A605A6859
:10F8B00022F440525A609A6822F440729A60D8F852
:10F8C0008830604A03F0030343F44033934213D07B
:10F8D000B3F1031F00F08680013A934240F0888024
:10F8E00006F038FB68B14FF4E13300F56140B0FB3E
:10F8F000F3F0524BD86004E0D8F800305C0500F11A
:10F900008B804E4AD36A23F00F03D3624E4A02F62D
:10F91000080353E8003F23F0604302F6080040E884
:10F9200000310029F3D102F6080353E8003F23F029
:10F93000606302F6080040E800310029F3D13F4B34
:10F940001A6822F000521A605A6822F490425A60F3
:10F950009A6822F02A029A601A6842F001021A603C
:10F96000DA699002FCD5DA695102F9D5374B0022E9
:10F9700083F8242310225A60334A02F5006353E8C7
:10F98000003F43F0200302F5006040E80031002909
:10F99000F3D102F6080353E8003F43F0010302F6F7
:10F9A000080141E80034002CF3D1294EDFF8A4808F
:10F9B000B46140F2FF334FF01F09C6E902934FF0E4
:10F9C0008043C6E907344FF48073C6E90084C6E972
:10F9D0000444736206F03EFF0746F8B11E4A4B46E8
:10F9E0002146A9E606F010FA01288AD120467AE7D6
:10F9F00006F0B0FAD8F808201849D8F80830C2F351
:10FA00000312C3F3C22351F82220B0FBF2F0144AD0
:10FA100052F82330D84065E7124864E706F0BAFF91
:10FA200010B30D4A2523394686E600BF00ED00E0FD
:10FA300000040048000800480CEF010800380140AD
:10FA4000F369FFEF020003000030014000E100E035
:10FA5000A82600200028004023030208D0F6010851
:10FA6000B0F601080024F40096F82C20012A3DD0BD
:10FA7000012286F82C20022286F82D20D8F80C408E
:10FA800004F44074B4F5807F06D0D8F8183006F03E
:10FA900035FA4FF001335843BC4BCA225A62532205
:10FAA0005A629A6922F488529A610122DA65002129
:10FAB0004FF00052B4F5807F18BF18645A6419677C
:10FAC000326BB34842F0010232639A6942F48852C1
:10FAD0009A61D0F8802042F40032C0F88020FF22E2
:10FAE0005A62012386F82D3086F82C1000212A2036
:10FAF00006F08EFFA74B4FF480625A60A64FA74BCB
:10FB0000A749C7F884300024012087F88040FAF71D
:10FB100057FF1223CDE901430223A24AA2490093D1
:10FB20000120A24BFAF74CFFA1490120FAF748FF48
:10FB3000A04AA14B1168994207D113690093D2E9F9
:10FB400001239E490120FAF73BFF05F0E1FD9C4BA4
:10FB50009C4953F820200120FAF732FF9A4B2A687B
:10FB60009A49B2FBF3F20120FAF72AFF06F09CF95A
:10FB70009749984D02460120FAF722FF9649012045
:10FB8000FAF71EFF95490120FAF71AFF202394493E
:10FB900000934FF00062934B0120FAF711FF782396
:10FBA0000224914A914900930120914BFAF708FFF2
:10FBB000904B914A914900940120FAF701FF642388
:10FBC0008F4A9049009301208F4BFAF7F9FE8F4B33
:10FBD0008F4A904900940120FAF7F2FE7E490120F5
:10FBE000FAF7EEFE8C4B8D492B6013220820FAF7B2
:10FBF000E7FE4FF0000A4FF0130868244AF25A5902
:10FC00002B6868221B6836A904FB0AF09847BDF8E8
:10FC100037314B4513D10023622236A911F8010B6D
:10FC2000013AA3EB0003DBB2F8D19DF83A219A42E6
:10FC300000F0AA807A4952460220FAF7C1FE0AF182
:10FC4000010ABAF1130FDBD1B8F1120FD5F8009009
:10FC5000744C00F21F81682202FB08F02146D9F89B
:10FC600000309847704942460820FAF7A9FE6823F9
:10FC70006E495F220820FAF7A3FE22686C4908202B
:10FC8000FAF79EFE62686B490820FAF799FEA268AF
:10FC900069490820FAF794FEE26868490820FAF7F3
:10FCA0008FFE226966490820FAF78AFE6269654973
:10FCB0000820FAF785FE94F9182063490820FAF71E
:10FCC0007FFE627E61490820FAF77AFEE27E604993
:10FCD0000820FAF775FEA27E5E490820FAF770FE4A
:10FCE000227F5D490820FAF76BFE627F5B4908209E
:10FCF000FAF766FE94F85E2059490820FAF760FE8C
:10FD000058495948082207F037FE584958480822F0
:10FD100007F032FE57495848102207F02DFE574988
:10FD20005748202207F028FE04F012FE554B00250C
:10FD30004FF48062C3E90025C3E9025504F009FECF
:10FD400004F006FE504B4FF48052C3E90025C3E98E
:10FD5000025504F0FEFD2946B0224C480CF04EF945
:10FD60004B4B1D60F9F758FE05F0D2FC05466420A8
:10FD700006F0E4F8042D00F24181DFE815F0C3003D
:10FD8000BA001A0138013601D04658E70028004071
:10FD90000008005800E100E09C06002050F7010830
:10FDA000EC0A0208140B02081D0B0208080B0208DB
:10FDB0004D0B02080002000800B1C010610B0208E0
:10FDC0003CF70108850B020840420F009D0B02081A
:10FDD000BA0B020898060020D50B0208DF0B0208B8
:10FDE0001C0C0208FF7F000800800008500C02086D
:10FDF000FF5F0208FF67020800600208840C020827
:10FE000000680208B80C0208FFF70308FFFF0308A8
:10FE100000F80308EC0C020824F70108200D020882
:10FE20004E0D0208E0340020850D02080A0E02087B
:10FE3000430E0208610E02087F0E0208AA0E020895
:10FE4000D80E0208040F02082F0F0208510F0208F3
:10FE5000740F02089C0F0208C20F0208EB0F020881
:10FE600016100208FE34002040100208063500205B
:10FE7000561002080E3500206C1002081E350020B6
:10FE80008210020888220020C4110020D8210020FE
:10FE9000E426002097495F2220460CF083FAD9F827
:10FEA00010300BB1204698475A2284F85F206FF03B
:10FEB0005A02002384F860208F4A84F861304FF0A2
:10FEC000620812F8011BB8F10108A3EB0103DBB2D1
:10FED000F7D184F862302B689B6898472B68864975
:10FEE0005B6840466822984784490220FAF768FD1B
:10FEF000BDE683490820FAF763FD4FF0FF30FAF7BB
:10FF0000ABFF03E07F490820FAF75AFD05F000FC3B
:10FF10007D4B02280CBF012200221A7070D17B4E4B
:10FF200003254FF480684FF4967006F007F808F048
:10FF300087F9C6F828804FF4967005F0FFFF013D61
:10FF4000C6F81880EFD101230F93A37E13B1FF23CE
:10FF500087F88030E36812936D4B1A6810921B6823
:10FF60000E931822002122A80CF048F86369002B98
:10FF700048D168490820FAF723FD2369002B4FD1A7
:10FF800065490820FAF71CFD64490820FAF718FDB6
:10FF9000002311931D46624B1B78062B00F2198734
:10FFA000DFE813F059004C002602E503A706BA0665
:10FFB000E4065C490820FAF703FD33689B695A059B
:10FFC00009D4F9F7CDFF05F069FF80F00100C0B258
:10FFD00000289BD091E7FAF781FA05F05FFF00282F
:10FFE000F1D00020FAF738FFEDE74F498BE74F4992
:10FFF0000820FAF7E5FC05F057FFE6E74C4982E7F1
:020000040801F1
:100000000023A1E74B49D1F8102101329A4228BFC1
:100010000022C1F8102108204749FAF7D1FCACE7CB
:100020004449D1F80C2101329A4228BF0022C1F87C
:100030000C2108204149FAF7C3FCA5E7404E40F6E1
:100040001B443368A34204D805F02EFF002840F07B
:10005000B78600204AE03A4C2D4E22683368394971
:100060000E930820FAF7ACFC226840F61B439A4234
:1000700025D835490820FAF7A3FC05F015FFC0B1D3
:1000800008203249FAF79CFC0120FAF7CFFE002540
:10009000234CFDF769FC2378062B02D1002006F0E3
:1000A000F3FC30BF207806287FF475AF06F0ECFC37
:1000B00071E708202649FAF783FC0520E5E740F6BA
:1000C00047539A4248D805F0EFFE0546002843D131
:1000D00020490120FAF774FC074BDB7E13B10F981F
:1000E000FEF7D6FE22A8FBF70BF80320FAF79EFED8
:1000F000CEE700BF50F60108E0340020B00D020842
:1001000093100208AF100208BA0D00200004004846
:10011000A02600204A1102089A110208F6110208CE
:100120000C0D0020CE100208EB1002080711020887
:100130002511020800B000406D110208C511020827
:100140000C02002014120208301202084B1202089E
:1001500085120208AB12020897490120FAF730FC19
:10016000002006F091FC4FF09045052005F0E6FEDA
:100170004FF40073AB620424052005F0DFFEAC6190
:1001800005204FF0B04505F0D9FE062006F07CFCB6
:10019000D5F8883023F4406343F48063C5F8883091
:1001A000EB6D43F00103EB65EB6D03F001032046BB
:1001B0001993199B05F066FE0023CDE938333A9375
:1001C00008237E483B930224012336A936933794B3
:1001D00007F0B0FF7948369436A907F0ABFF784AAC
:1001E0001368DB0737D41168764B0B4043F00C03E0
:1001F0001360536823F440535360936823F44073AF
:100200009360D5F8883003F44063B3F5006F1AD0DB
:10021000B3F5406F75D0B3F5806F79D105F09AFED4
:1002200004469CB14FF480754FF496500021002392
:100230004FF41652E4FB0501F8F7C4FD604BC0F320
:100240001300D86002E02B685F0573D45C4AD36A60
:1002500023F00F03D3625A4B03F1080252E8002F38
:1002600022F0604203F1080040E800210029F3D1A8
:1002700003F1080252E8002F22F0606203F1080047
:1002800040E800210029F3D11A6842F001021A6007
:100290004B4BDA699502FCD5DA695402F9D54A4B21
:1002A000002283F8262340225A60454A52E8003F44
:1002B00043F0200342E800310029F7D102F108039E
:1002C00053E8003F43F0010302F1080040E8003129
:1002D0000029F3D13D4F7C7E042C60D822463C4956
:1002E000DFF8DC800120FAF76BFB3A4B53F824402F
:1002F0002046F7F7E5FF0325824623460AEB040272
:1003000022E005F081FD0128A0D14FF4004489E7E7
:1003100005F020FEAA683049AB68C2F30312C3F3AC
:10032000022351F822402D4AB0FBF4F452F8233056
:10033000DC4076E72A4C75E713F8011BC8F8281053
:10034000D8F81C104806FBD59342F5D133680A93C0
:10035000DFF890B000238DF8D830994632680A9BB8
:10036000D21A632A06D9013DC7D11F490420FAF7E2
:1003700027FB14E01D4836A906F0CEFB08B930BFB4
:10038000ECE736A807F0FAFB1BF809109DF8D82017
:1003900091420ED109F10109B9F10C0FDED1FB7EBA
:1003A00013B10F98FEF774FD22A8FAF7A9FE0220F8
:1003B0006BE64FF00009D1E7F01202080008004890
:1003C00000800040F3E9FFEF00E100E0E0340020AE
:1003D0000813020810F70108D0F60108B0F601086A
:1003E0000024F4002313020830130208C411002073
:1003F00005F05AFD0646002840F0628145B9B84B29
:100400001E68109BF61AB74B9E4294BF0026012629
:10041000B54C94F84030022B40F2768194F84E00AF
:10042000012840F071813DB9AD4B109A1B68AF496E
:100430000E939A1AFAF7C4FAA94B0E9A1B689B1AE4
:1004400041F28732934240F28C81D4E914019EA399
:10045000D3E90023F8F7F8F894F84050CDE9060105
:10046000D4E90423CDE90423D4E90223CDE902230E
:10047000D4E900239E49CDE9002301202A46FAF75A
:100480009FFAD4E90023D4E90489CDE90A23CDE910
:100490002223D4E902234046CDE90C23CDE92423CD
:1004A000494600220023F8F741FB002840F04B8129
:1004B00087A3D3E9002340464946F8F755FB0028B7
:1004C00040F0438140464946F8F796FB80B28649A2
:1004D000ADF898007CA3D3E90023D1E91401F8F723
:1004E000B3F804460D46F8F787FB824BADF89A0047
:1004F0001B692BB1012B08D07F4BD3F80C3123B1F2
:100500007E4B9B68002B40F0D88029462046F8F7A8
:1005100073FBDDE90A34CDE93634DDE90C34724A87
:10052000CDE9383492F8243003F03F0B9DF8E830E1
:100530006BF305038DF8E83092F8233003F03F0A9F
:10054000BDF8E8306AF38B13ADF8E83092F822700A
:100550003A9B07F01F0767F310333A9392F86860ED
:10056000C3F3074306F01F0666F345038DF8EA3030
:1005700092F86950BDF8EA3005F00F0565F389136C
:10058000ADF8EA3092F86A40FF2804F03F04C3F364
:10059000072328BFFF2064F3870313908DF8EB3007
:1005A0000022002340464946F8F7C0FA002840F0F0
:1005B000CF8047A3D3E9002340464946F8F7D4FA51
:1005C000002840F0C78040464946F8F715FB80B246
:1005D000139B8DF8EE30444BADF8EC00D3E90A895B
:1005E0000022002340464946F8F7A0FA002840F0D0
:1005F000B480434B002240464946F8F725F836A31D
:10060000D3E9002380468946F8F7AEFA002840F087
:10061000A68040464946F8F7EFFAC0B2DDE90C2360
:10062000CDE90623DDE90A23CDE904232246334C34
:100630008DF8EF002B46CDE902ABCDE900673149DB
:100640004FF000080820CDE93C88FAF7B9F9626854
:10065000E3689A4212D3206832230130B0FBF3F2F0
:1006600003FB1200206006F00BFEA3682269C4F8A9
:100670000480934222BFE2689B1AA36036A800223E
:100680001F23014610F8015B01325B1B1F2ADBB2FE
:10069000F8D18DF8F730D4E90030400100EBC320E9
:1006A00000F10060202200F51A3005F0B5FB636808
:1006B00001336360A3680133A36001252E4626E061
:1006C0000026A5E6AFF300802EFF21FDF675E03F82
:1006D00000000000E0FFEF400000000000E06F407D
:1006E000A0260020DF930400D82100204D1302082B
:1006F00074130208E034002000B00040EC0C00202D
:1007000000002440C5130208002D7FF495AEBA4BBB
:100710001A6840F647539A4225D8B8490120FAF79B
:100720004FF9129B052B7FF6E0ACB54B9B7E002B5F
:100730007FF4DBACB3490120FAF742F94FF0904364
:1007400004229A62D1E40020C1E64FF6FF70BEE6B3
:1007500000203DE74FF6FF703AE700205EE7FF20FC
:100760005CE70125D3E7002E3FF492ACD9E7A44C17
:100770006369002B00F0B582012B05D0A24AD2F8A4
:100780001021002A40F0AD82DDE92423DFF86892D1
:10079000BDF89AA0BDF898809C49CDE90A23D9F804
:1007A0000030CDF81080CDE905A3DDE92267DDE951
:1007B0000A23CDE90067CDE9022308206368226897
:1007C000FAF7FEF894F81BB0BBF1000F00F052816D
:1007D0001B2200218E488F4C0BF010FC394630460E
:1007E000F8F72AFA8C49F8F715FCF8F763FD064686
:1007F000DDE90A01F8F720FA8749F8F70BFCF8F76A
:1008000059FD07464046F8F7ADFB8449F8F702FC6E
:10081000F8F750FD01232370882363703314A3700D
:100820003312E3703B1463713B12A3710314237200
:1008300003126372E771A0722671D9F80000DFF825
:10084000E091F8F78FFB7749F8F798FC7349F8F7D0
:10085000E1FBF8F72FFD0223E372237340F3072334
:1008600063730F2384F82A30A07300276E4E6F49FC
:10087000D9F800B0DFF8B88101373A460820FAF716
:100880009FF8022394F82A206249706833707270CE
:100890004FF0000A0BF086FD72787168654888F8A1
:1008A00000A007F069F8644B5246D9783046FCF74F
:1008B0000DFE024630B961490120FAF781F842F293
:1008C0000F7614E0811D0CD15D4B1B68002BF6D018
:1008D0005C4901204FF47A72B3FBF2F2FAF770F838
:1008E000EDE759490420F9E7FDF73EF830BF98F8E5
:1008F00000302BB9D9F80030A3EB0B03B342F3D986
:1009000098F80030002B69D050490820FAF758F8C1
:100910004F49504E0820FAF753F8A6F55A7430465E
:1009200008F078FB4C484D4F08F074FB4C4808F039
:1009300071FB4C4808F06EFB04F0C2F80023C4F8C9
:10094000403306F027F9484948484FF4B26202F0B4
:10095000C1FD0123C4F840333B88002B42D000F096
:10096000E9FF8046002840D1DFF80491D9F8003033
:100970005B69002B39D0272336A88DF8D83002F0D8
:100980008BF9D9F8003037985B694FF4B26198471A
:10099000404600233B80C4F8403328B9344B1B68E1
:1009A000DB690BB10120984700F0C4FF00BB294868
:1009B00008F030FB284808F02DFB294808F02AFBF6
:1009C000FEF7F4F904F07CF8129B052B00F2058287
:1009D000134B1B6811930420FFF788BB032F7FF490
:1009E00045AF95E76FF00700D3E74FF0FF30D0E752
:1009F000FCF7BAFF30BF92E70C020020FC1302089C
:100A0000E03400203B14020800B000405A140208F1
:100A1000CB0C0020BC0C002000401C460000C8424B
:100A2000A026002000007A44280100209614020825
:100A3000E8260020B0140208F8010020BA140208C9
:100A400024070020D1140208F51402081515020825
:100A500026150208502D0020682D002028070020B0
:100A6000802D0020EC2D0020082F00202C070020D6
:100A70009C3400201922594628A80BF0BFFAC1491E
:100A80000120F9F79DFFA36894F91810BE480C9354
:100A9000139104F03FFD0C9804F00CFA41F28832F7
:100AA0000120CDE907B20F22CDE901020C2200920C
:100AB000CDE905BB5A46CDE903B013995B4604F076
:100AC00015FC227F002A00F0B8801122594631A877
:100AD0000BF094FA22682F92626830929DF8C4203D
:100AE0008DF8CEA0052161F30712D9F800108DF81A
:100AF000C42041F268028A4228BF0A4640F68C218F
:100B00008A4238BF0A46A2F68C226421B2FBF1F277
:100B10009DF8C510ADF8CF8062F303018DF8C510C4
:100B20000DF1C6023046394604F0AAFCDDE90A019F
:100B30000DF1CA0204F0A4FC31AA59465B4612F832
:100B4000010F013301440F2BC9B2F8D18DF8D41035
:100B5000102200211AA80BF051FA8C4B36AA03F18F
:100B60002006174618685968144603C40833B34270
:100B70002246F7D11EAE01243A460DF1C50130469A
:100B80008DF85740FAF701FF3046FAF775FFE30793
:100B90004CD53AA901343046E4B2FAF7B5FE0E2C32
:100BA000F2D1FAF735FF0DF157013846F8F732FD6B
:100BB0001AA83A463146FAF7E8FE04460DF1C50395
:100BC000224603CAB24218605960144603F1080372
:100BD000F6D12FAE0FCE28AC0FC496E8070003C4A1
:100BE0002270192422466A486A4E6B4F28A906F0E3
:100BF000C3FE0023214628A833703B7003F0C6FFD4
:100C0000664A116841F65830337833B93B7823B9D6
:100C100030BF13685B1A8342F6D93378002B7FF418
:100C2000D3AE5F490420F9F7CBFECDE60DF15701B5
:100C30003846F8F7EFFC3946ACE7D9F800202168D0
:100C4000607F41F26803934228BF134640F68C222E
:100C5000934238BF1346A3F68C236422B3FBF2F30E
:100C60006268CDE936129DF8E02003F00F0363F3CC
:100C700003021346E0B1042262F3071330460DF17C
:100C8000E10239468DF8E0308DF8E9A0ADF8EA8050
:100C900036AE04F0F5FBDDE90A010DF1E50204F0E2
:100CA000EFFB0FCE28AC0FC433682360142499E700
:100CB000032262F3071330460DF1E10239468DF845
:100CC000E03036AE04F0DCFBDDE90A010DF1E502AF
:100CD00004F0D6FB0FCE28AC0FC433682370112468
:100CE00080E7304A3049D2F810210120F9F768FE38
:100CF0006AE62A4C119B2268D21A2C4BDB684FF40F
:100D00007A714B439A42FFF4C3A90220FAF78EF896
:100D100023681093FFF7BCB905F0C6F840B1012075
:100D20002349F9F74DFEF9F73BF90620FFF7DEB945
:100D3000204B1B78C3B91D4B1A6959690A430FD060
:100D4000DC6804F0E5FC032814BF20464FF0FF30B8
:100D5000FAF782F818490420F9F732FEFFF798B93C
:100D600016490120F9F72CFE0024EAE705F09CF86B
:100D700010B90520FAF75AF8642005F0DFF8FFF7FC
:100D800087B900BF3C150208300100201E35002045
:100D900054150208E80C0020E70C0020A0260020D3
:100DA0006515020800B0004088150208E0340020F4
:100DB000BA150208B80D00201B160208D915020842
:100DC000002005F061FE30BF062005F05DFEFFF754
:100DD00038B903490420F9F7F3FD0520FFF786B978
:100DE00044160208C00000F0F8007047F0B5044651
:100DF000081F012828D906290BD007290CD1002368
:100E000023806380A380E380002323816381072004
:100E1000F0BD4FF6FF73F3E70DB201EB410103EBB9
:100E20008113072000210C2642FA01F7FF0705D5A0
:100E300006FB01F7DF59002F08BF062001311029FA
:100E4000F2D124F81520E3E70620E1E7114B12491F
:100E500030B5024651250024136003F5433303F5F2
:100E6000A0738B421572547202F10C02F4D10B4B39
:100E70000B4A51240021C0F8803103F5433303F5B8
:100E8000A073934280F8884180F8891100F10C002A
:100E9000F1D130BD6035081C60DD691CE0CC021E5C
:100EA000E074641E4FF6FF73038043808380C38029
:100EB00000230381438170471F288CBF202200221A
:100EC0000449054BA0EB0200044A98BF0B4602FB05
:100ED0000030704760BAD71C6062391D400D0300B6
:100EE000FFF7EABFF0B50A4D06460F460FCD89B0B1
:100EF0006C460FC495E80F0084E80F0037B108ABCB
:100F000003EB860656F8200C09B0F0BD0148FBE75C
:100F100024EF01082081051D400100F0E00070472A
:100F2000FFF764BF114B124930B50246512500242A
:100F3000136003F5433303F5A0738B4215725472AB
:100F400002F10C02F4D10B4B0B4A51240021C0F8E2
:100F5000803103F5433303F5A073934280F8884151
:100F600080F8891100F10C00F1D130BDA0EA6C1CB1
:100F7000A092CE1CA0179E1DA0BFFF1DFFF792BF21
:100F80001F288CBF202200220449054BA0EB020041
:100F9000044A98BF0B4602FB00307047A0EA6C1C65
:100FA000A0179E1D400D03000AB1FFF7E9BF034BD8
:100FB0000348082908BF1846704700BF601BB31CD0
:100FC0006048E41D074A084B82B0CDE9002331B1E7
:100FD00002AB03EB800050F8280C02B070471846B3
:100FE000FBE700BF6047821C6074B31D0048704778
:100FF00020937F1D00207047084B094A10B500213F
:101000005124036003F5433303F5A0739342047244
:10101000417200F10C00F4D110BD00BF6035081C16
:1010200060B19A1C4FF6FF730380438083800023D6
:10103000C3800381438170471823B0FBF3F202FBA6
:101040001300C3B2024A034800FB0320704700BFED
:101050002055361D400D03000048704720F45A1DEE
:1010600000487047A029181E084B094A10B50021F6
:101070005124036003F5433303F5A07393420472D4
:10108000417200F10C00F4D110BD00BFE0CBA01CF8
:10109000E047331DFFF7C6BF1823B0FBF3F202FB96
:1010A0001300C3B2024A034800FB0320704700BF8D
:1010B000A0EBCE1D400D030000487047A08AF31D31
:1010C000092806D8DFE800F016081A060606060604
:1010D0001E06002108467047154B19684B7B5AB90C
:1010E0000133DBB2C3EBC3024B7303EBC203DBB2CE
:1010F0001C2B1BD90221EDE7013BF2E70129B8BF08
:101100000121E7E70B4B1B68597B6AB90131C9B272
:101110005973C1EBC10301EBC301C9B21C298CBFD8
:10112000002101218900D5E70139F0E70621D1E747
:101130006C0D0020A00D0020084B094A0344934287
:1011400009D8084A534345F2E232B2EBB31F2CBF31
:101150000120002070470020704700BF601431E27A
:10116000C03046001DE6CB0B084B094A03449342AE
:1011700009D8084A534345F2E232B2EBB31F2CBF01
:101180000120002070470020704700BFA04528E3E1
:10119000C042C0001DE6CB0BF0B50446481F022834
:1011A00028D903290BD004290CD100232380638084
:1011B000A380E3800023238163810720F0BD4FF6E5
:1011C000FF73F3E70DB201EB410103EB811307203D
:1011D00000210C2642FA01F7FF0705D506FB01F7AF
:1011E000DF59002F08BF062001311029F2D124F861
:1011F0001520E3E70620E1E7FFF7CEBF084B094AD9
:101200000344934209D8084A534345F2E232B2EB11
:10121000B31F2CBF0120002070470020704700BF83
:10122000E0AAC9E2C03046001DE6CB0B0C4B984249
:1012300013D90C4B98420BD80B4B03440B4A534326
:1012400045F2E232B2EBB31F2CBF01200020704701
:10125000074B084A03449342F0D90020704700BF6F
:101260009FEA6C1C6085CB1C601593E31DE6CB0BDD
:1012700060E861E2C09A5E000020704730B54FF42C
:101280007A750C1F6A4300FB042252001EBF00F156
:10129000FF341219B2FBF0F2914238BF1146039AA3
:1012A0001160820048431CBF013040084FF47A713E
:1012B000121A01FB1323002BCABF03F2E73393FB7F
:1012C000F1F1B3FBF1F1049B196030BD074B084904
:1012D0001A6843F2390001FB020018606FF0004306
:1012E000B0FBF3F3C3EBC373C01A70479001002047
:1012F0006D4EC641044B1B78043BDBB2032B9ABFF7
:10130000024AD05C0020704750360020AFF9010837
:101310000420704701207047F0B5BDF814409DF8D7
:1013200018709DF81CE09DF8205040B1012814D0A1
:101330000122002398180138B0FBF2F0F0BD87F0CD
:101340000107E30003EBC70318330EEB450503EB7E
:10135000C5034FF47A714B43ECE7501F012803F1AA
:10136000040302D80C2C38BF0C24D1B9A2F10B0C09
:10137000BCF1010F8CBF4FF0000C4FF0010C2801A5
:10138000002F00EBCE000CBF14250025A0EB82003F
:10139000062A4FEA82062844A2F102070DD83546F4
:1013A00010E0012906D1A2F10C00D0F1000C4CEBA9
:1013B000000CE4E74FF0000CE1E70830BCF1000F4F
:1013C000EDD0BD000028ACBF2E182E1C701E90FB67
:1013D000F5F003FB0044094B062A5A5C8CBF0C3421
:1013E0000E340A2A09D8A30001334FF47A71BB40A6
:1013F0004B43034951F822209CE7FFDEACF901087A
:1014000080F90108034B1B6813B15B6803B11847EF
:10141000704700BFE4360020034B1B6813B1DB6844
:1014200003B11847704700BFE436002010B568B11B
:10143000074A002352F83340A04202EBC30101D215
:10144000087910BD0133162BF4D1FEE71F20F8E711
:10145000D0F8010805F056B907B501220DF10701D2
:1014600006F05CFD9DF8070003B05DF804FB00008A
:101470000128074B04D1074AD977117005F0E0B86D
:101480005A7D012A03D1034A99751170F6E7704716
:10149000883600201102002007B501228DF80710C0
:1014A0000DF1070106F06CFD03B05DF804FB0000D0
:1014B00010B50C4B1B7804469BB94FF4D760FFF76F
:1014C000CBFFC4F3002100F0FE0001434FF4D760CE
:1014D000FFF7E2FFE1B240F2B960BDE81040FFF76C
:1014E000DBBF10BD5035002010B5044640F6231078
:1014F000FFF7B2FF00F0F901214340F62310BDE8E9
:101500001040FFF7C9BF012908B50ED1012807D146
:101510000420FFF7E9FF0220BDE8084007F0CEBA3B
:1015200002280CBF03200120F6E70120F4E708B5EC
:1015300072B606F085FD62B608BD00002DE9F743DE
:10154000B64CB4F85430202B00F0BC8115D8082BD1
:101550000DD87BB1013B072B0CD8DFE813F03D0021
:101560004D000B007B010B000B000B00AA01102BA0
:1015700000F0A68103B0BDE8F083B3F5807F00F0F2
:10158000318112D8402B00F0B081802BF2D105F0D0
:10159000B9F8A34B1B68002BECD09B69002BE9D05A
:1015A000002003B0BDE8F0431847B3F5007FE1D158
:1015B0009C490820F9F704FA9B4B1B78042B40F058
:1015C0001E819A4807F026FD05F09CF8944B1B6895
:1015D000002BCFD05B6809E0944807F01BFD05F0B5
:1015E00091F88F4B1B68002BC4D01B68002BC1D017
:1015F00003B0BDE8F04318478D4807F00BFD657850
:101600008DB905F07FF8294640F60210FFF744FF38
:1016100040F64410FFF720FF40F00201C9B240F647
:101620004410FFF739FFDFF80C82022201A91320D2
:10163000FFF77DFF98F80030012B48D17E4B1B78D7
:10164000012B44D140F20270FFF706FF06469DF8D9
:10165000057072B6794DAB79012BDAB221D16B7975
:10166000012B1ED06A7106F0CDFB04F05DFC1E203C
:1016700006F0E6FB384606F0E3FB002006F0E0FB50
:10168000DFF8BC910027BBB29E4207EB090021D8CE
:1016900004F040FC06F092FBAB680123AB71002321
:1016A0006B7162B6032201A91420FFF740FF98F87E
:1016B000002084F824208AB1012A38D061481322FE
:1016C00000210AF09BFC0F2384F8243017E09DF8DA
:1016D0000460BCE706F0EAFB0137D4E79DF804306C
:1016E00084F828309DF80530E2625B425B1084F894
:1016F0002A309DF806305B425B1084F82930484B55
:101700001F68002F3FF436AFBD68002D3FF432AFA5
:1017100094F82430012B20D194F9313094F9302001
:1017200047483146AC4603B0BDE8F04360479DF8FA
:1017300004305B425B1084F830309DF90530023391
:101740009B1084F831309DF806305B425B1084F8C2
:1017500032303D4B1B686363D1E73C4BE56B019333
:1017600040F60700FFF778FEC0F3C10308336B446F
:1017700000F0070013F8043C354A01388340B2FBFF
:10178000F3F2B2FBF5F3072B2AD85B00042B34BF2E
:10179000042302234FF4D66002FB03F5FFF75CFE3F
:1017A0004FEA002840F2B160FFF756FE08F4706877
:1017B00040EA0800030548BF6FEA00504FEA55139E
:1017C00048BF6FEA10504343DB114FF47A7203F5C0
:1017D000FA73BD6893FBF2F394F929205BB29FE79B
:1017E0000123D7E704F08EFF0D4B1B68002B3FF45D
:1017F000C1AE9B69002B3FF4BDAE0120D1E6052BA5
:101800007FF4B8AE0A4807F005FC04F07BFF044BF8
:101810001B68002B3FF4AEAEDB68E7E6883600209D
:10182000E4360020551D0208503600207036002096
:10183000583600205035002048350020000D00208B
:1018400051350020AD3600204C35002004080A0C2C
:101850000048E8012C490820F9F7B2F8A16D0029E9
:101860003FF488AEC1F3074140F60310FFF714FEC2
:1018700094F8591040F60410FFF70EFE94F8581033
:1018800040F60510FFF708FE40F60210FFF7E4FDF2
:1018900040F00101C9B240F60210FFF7FDFD40F231
:1018A000622100230846A36503B0BDE8F04304F0BD
:1018B00041BF1649082003B0BDE8F043F9F780B8EE
:1018C0001349F7E7134807F0A5FB63780BB904F059
:1018D00019FF114B1B68002B3FF44CAEDB68002B4B
:1018E0003FF448AE98470D49E4E70D490820F9F761
:1018F00067F863780BB904F005FF074B1B68002BF2
:101900003FF438AE1B6971E67E1D02089C1D02087B
:10191000BB1D020858360020E4360020D91D0208FD
:10192000F71D0208024BA3F85400FFF707BE00BFE3
:101930008836002008B5FAF7F5FA064B18B90122E7
:10194000C3F8402308BDD3F84003013818BF012075
:10195000F8E700BFE82900207047000010B5074BEA
:1019600093F820200446084632B1596807F0A4F9DC
:1019700010B101234470837010BD00BF20270020E8
:1019800030B50B4A92F82010536882F8210069B1F3
:10199000012502F11C04D978587001B99D70A34249
:1019A000916814BF0433103B9942F4D130BD00BF9D
:1019B0002027002008B5044B596807F07DF900384E
:1019C00018BF012008BD00BF202700202DE9F041ED
:1019D00088B00C46DDF83C8016461D4607460028B8
:1019E0004FD0102200210DEB02000AF007FB10225D
:1019F000002168460AF002FB01238DF800309DF8B3
:101A000038308DF805302B0CADF806508DF80830C5
:101A10002D0E4FEA1843ADF80A804FEA18688DF88A
:101A20000D808DF809508DF80C304FF000085FFAEA
:101A300088F31D01002CEDB203DC002008B0BDE8E6
:101A4000F08101338DF80F30324604AB1021684627
:101A5000FAF7D6F90346B0B9102C20463D44A8BF8A
:101A6000102004A92A7811F801CB013382EA0C0274
:101A7000984205F8012BF5DC103C24B208F101086E
:101A8000D5E70920DAE70E20D8E7F0B585B007469C
:101A90000C4616460021102268461D460AF0AEFA92
:101AA0007B1E8DF800308DF80140230AADF80460EC
:101AB0008DF80750240C360C2D0A3A460121684651
:101AC0008DF802308DF803408DF806608DF80850CF
:101AD000FAF7F8F9002818BF0E2005B0F0BD1FB5C1
:101AE0001022002168460AF089FA7F220421684604
:101AF000FAF7E8F9002818BF0E2005B05DF804FBDE
:101B000038B5054619B1FAF7A5F9044610B10E2407
:101B1000204638BD002DFBD1054B1B68987805F099
:101B2000BEFB0028F3D1FFF7DAFF0028F0D0EEE784
:101B30005029002038B505460C46FFF7C7FB611B4E
:101B4000013190FBF1F303FB1100284438BD000084
:101B500008B50346FFF7DEFB30B104481844044BD8
:101B600098428CBF0020012008BD00BF403576C9D7
:101B7000405DC60008B50246FFF7CCFB68B1084BD4
:101B80001344084A934209D8074A534341F6F632B0
:101B9000B2EBB31F2CBF0120002008BD0020FCE7E2
:101BA000608FF7C8401640005FF7435910B50346F1
:101BB000FFF7B0FB28B1034ABDE810401269184690
:101BC000104710BD780D002008B50346FFF7A2FBB3
:101BD00030B104481844044B98428CBF00200120C7
:101BE00008BD00BF20C689D1C0CF6A00F0B59A42B7
:101BF000069D03DB9DF914309A4220DD0020F0BDE4
:101C000003EB430331F814C005EB830300264CFAC1
:101C100006F7FF0707D51F7A07F00F0E964502DC7F
:101C2000B2EB171F0DDD0136102E03F10C03EED1C0
:101C30000134E4B22301DBB29842E1D8DEE70024AC
:101C4000F8E70120DBE737B590F9002090F9025062
:101C5000954204460FD0013A52B295420BD0A36888
:101C6000019394F9013000936168E0782B46FFF707
:101C7000BDFF0028EFD0104603B030BD10B51409E9
:101C8000B4EB111F03464FEA11100ED391420CD250
:101C900002B201F00F0133F81240012000FA01F105
:101CA00024EA010123F8121010BD0020FCE710B552
:101CB00000B149B910BD31F8134020F81340013389
:101CC000DCB2A242F7D8F5E70023F9E70378032B4B
:101CD00014D1437803F00F021B098A704B7083788C
:101CE0008B80C27843EA02238B800379C3F302120C
:101CF00003F00F03CA700B70052070470020704777
:101D000038B5400014460D46F7F72CF90146284631
:101D1000F7F776F82146F7F773F8F6F73DFC0CF085
:101D2000FFFFF6F741FF40B238BD000051F8200038
:101D3000054B984205D0054BC31A58425841400004
:101D400070470120704700BF90D0030020A107001A
:101D5000F7B5089C16460D461A46092839D8DFE81B
:101D600000F0051B3A4553616F7A889307290F46A7
:101D7000A8BF07274C4967703846FFF7D7FF062DE5
:101D8000A07000F38F80494BDB5D494D9D4051F8B9
:101D90002730B5FBF3F510E00D29A8BF0D25454907
:101DA00065702846FFF7C2FF434BA070585D404B5B
:101DB00051F825508340B3FBF5F5FFF7A9FA04F17C
:101DC0000C01083403460191009431462846FFF780
:101DD00055FA03B0F0BD0529A8BF05253749657040
:101DE0002846FFF7A3FF364BA070DFE707290F4611
:101DF000A8BF0727334967703846FFF797FF062DBE
:101E0000A0704FDC304BBFE707290F46A8BF07275C
:101E10002E4967703846FFF789FF062DA07041DC18
:101E20002B4BB1E707290F46A8BF07272949677041
:101E30003846FFF77BFF062DA07033DC264BA3E767
:101E40000529A8BF0525254965702846FFF76EFFBF
:101E5000234BA070AAE707290F46A8BF07272149EF
:101E600067703846FFF762FF062DA0701ADC1E4B24
:101E70008AE70D29A8BF0D251C4965702846FFF784
:101E800055FF1B4BA07091E707290F46A8BF0727F6
:101E9000184967703846FFF749FF062DA07001DC2E
:101EA000154B71E7A02588E738F0010858F00108C4
:101EB00040420F0060F00108A0F00108B0F00108F6
:101EC00058F0010838F0010858F0010838F001080E
:101ED00058F0010838F0010858F00108D0F0010866
:101EE000E8F0010838F0010858F00108F0F00108A6
:101EF00030F1010838F0010858F00108F7B5124D2B
:101F0000124E95F8407000966B6C95F9701095F82C
:101F100048203846FFF71CFF95F81C3133753146D1
:101F200040F201233846738205F0D2F948B196F8A1
:101F3000403086F88630002002F02AFFF37C86F8D5
:101F4000AC3003B0F0BD00BF082F0020D02D002022
:101F500030B5104B85B00C460F491A560546FFF7B1
:101F6000E5FEE4B2072D4FF001030146CDE902433F
:101F700003BF05200023CDE9000308200DBF4FF467
:101F80007A700024CDE9000442431846FFF7C4F9F3
:101F900005B030BD58F0010838F001081FB5002326
:101FA00000930378013B372B00F28480DFE803F0D5
:101FB0001C228282821F828282823F41434A825255
:101FC00055585B5E61826C1F6E73787A7D827F8666
:101FD0002482828282828282828282828282888A31
:101FE0008F8282888F829195C378002B62D00223E2
:101FF00000935FE08378F8E743788DF80430072397
:102000008DF805308378003B18BF01235B008DF805
:10201000063010238DF80730334B1B6801A803F5F9
:102020005872CDE90223FFF70EFE009042E04023F4
:10203000DEE72023DCE7827890F9013042B92B4AB1
:10204000D35CD5E7827890F901300AB9284AF7E7DE
:10205000284AF5E740F6B833CAE74FF47A73C7E782
:102060004FF4FA63C4E741F28833C1E741F2707379
:10207000BEE7FFF72BF940F2D17390FBF3F202FBBE
:10208000130000F57A70D0E71B4BB1E7164B1B68C5
:1020900003F55873ACE7144B1B6803F55B73A7E7B4
:1020A0001023A5E7104B1B68A2E70123A0E74FF020
:1020B00083430093009805B05DF804FB0F4BF8E7ED
:1020C0000F4B95E740F21113ADF80030F2E7032310
:1020D0008EE790F901300B4AB2E70B4990F9010005
:1020E000FFF724FEA1E700BF240D002024FA010819
:1020F00014FA01081CFA010800EA06379A99094007
:1021000040F7093758F0010838F001081FB50A46B2
:1021100009490446FFF70AFED2B2014602920020A6
:102120000822CDE90020054A0123125703931846DF
:10213000FFF7F2F804B010BD60F00108A0F001084C
:102140001FB5002300930378013B372B00F28780F3
:10215000DFE803F01C20858585238585858541433F
:10216000454E8556595C5F626585701E72777C7E30
:102170008185838926858585858585858585858570
:1021800085858B911E1E858B1E1E999DC37823B954
:10219000082303E08378002B61D0022300935EE0E4
:1021A00043788DF804300D238DF805308378003B9B
:1021B00018BF01235B008DF8063048238DF80730E7
:1021C000364B1B6801A803F55872CDE90223FFF7CF
:1021D0003AFD009043E04023E0E72023DEE78278E9
:1021E00090F9013012B92E4AD35CD7E72D4AFBE7AC
:1021F000827890F901300AB92B4AF5E72B4AF3E7C8
:1022000040F6B833CAE74FF47A73C7E74FF4FA637E
:10221000C4E741F28833C1E741F27073BEE7FFF7CC
:1022200055F840F2D17390FBF3F202FB130000F576
:102230007A70CEE71E4BB1E7184B1B6803F5587355
:10224000ACE7164B1B6803F55B73A7E74823A5E7CC
:10225000124B1B68A2E70123A0E7164B00930098DE
:1022600005B05DF804FB144BF8E702791349104BF5
:1022700001FB023392E740F21743ADF8003003232D
:102280008DF80230EBE790F901300D4AACE70D49CB
:1022900090F90100FFF74AFD9BE700BF700D002099
:1022A00006FA0108F8F90108EAF90108DCF9010861
:1022B000A07008370000F0419A990940C027090032
:1022C000A0F0010860F001081FB50A46094904465C
:1022D000FFF72CFDD2B20146029200200822CDE980
:1022E0000020054A0123125703931846FFF714F8FC
:1022F00004B010BDB0F0010858F001081FB500236C
:1023000000930378013B372B3BD8DFE813F038000C
:1023100038003A003A003A0038003A003A003A00F1
:102320003A005200540056005B003A005F00620021
:10233000650068006B006E003A0079003800890083
:102340008E00930095003A003A0098009B003D00F3
:102350003A003A003A003A003A003A003A003A00AD
:102360003A003A003A003A003A009D00AD00B5004C
:10237000B700C100CE00B500DB00E500E900012395
:102380000093009804B010BD43788DF80430052305
:102390008DF8053046F20103ADF80630534B1B684B
:1023A00001A803F55872CDE90223FFF74CFC009019
:1023B000E7E74023E4E72023E2E790F901304C4AC5
:1023C000D35CDDE790F901304A4AF9E740F6B833CB
:1023D000D6E74FF47A73D3E74FF4FA63D0E741F2CC
:1023E0008833CDE741F27073CAE7FEF76FFF40F222
:1023F000D17390FBF3F202FB130000F57A70D6E77D
:102400003D4B0093394B1B6893F87823002AB8D0D2
:102410003A4A93F87A13126A93F879039047C6E719
:10242000324B1B6803F55873AAE7304B1B6803F562
:102430005B73A5E76023A3E72C4B1B68A0E7304B39
:1024400000939EE72F4BFBE72B4B0093274B1B681A
:1024500093F87823002A94D0284A5468002293F8ED
:1024600079130079A047A2E740F21323ADF80030BA
:1024700001238DF8023084E7022381E71B4B1B68A0
:1024800093F87833002B3FF47CAF1C4B9B7877E7B5
:10249000164B1B6893F87823002A3FF472AF174A53
:1024A00093F879039268904781E7134B00930F4BA1
:1024B0001B6893F87823002A3FF463AF0F4A5468EF
:1024C0000122CCE7094B1B6893F87833002B3FF4CB
:1024D00058AF0A4BDB7853E790F901300A4A6FE7AF
:1024E0000A4990F90100FFF721FC60E79C0D0020EC
:1024F000D4F90108CCF901082081051D780D0020D0
:10250000333399419A99094058F00108B0F0010815
:1025100000B503468BB00846092B00F2A783DFE81D
:1025200013F00A000F00140019008A00E60067018A
:10253000C7012F02ED020BB05DF804EBFFF72EBDD3
:102540000BB05DF804EBFFF7FBBD0BB05DF804EBDF
:10255000FFF7D4BE002306930B780B3B2D2B00F224
:102560000582DFE813F03D033F03430048004903C1
:102570004B034E035103540357035A0303024C0009
:1025800003024F005400F701590003020302BB008D
:1025900072032E000302030203020302030203027A
:1025A00003020302030203020302030203025C00AC
:1025B00074037903030203025C00790303025E00E3
:1025C00062004B788DF81C3007238DF81D304FF4D6
:1025D0008053ADF81E30724B1B6807A803F5587284
:1025E000CDE90823FFF72FFB0690BFE191F90130F9
:1025F0006C4AD35C04E091F901306B4AF9E76B4B0C
:102600000693B3E1664B1B6803F55873F8E7644B18
:102610001B6803F55B73F3E7614B1B68F0E7644BE2
:10262000EEE791F90130634AE3E7634990F901006D
:10263000FFF77CFBD8E7002306930B780B3B2D2B91
:1026400000F29481DFE813F0CC02CE023A003E00A3
:10265000D802DA02DD02E002E302E602E9029201B8
:102660004200920144004600860148009201920116
:102670004A0001032E0092019201920192019201FF
:1026800092019201920192019201920192019201B2
:1026900042000303080392019201420008039201E1
:1026A0004D0051004B788DF81C3007238DF81D30FC
:1026B0004FF48053ADF81E30404B8DE791F9013057
:1026C0003F4A96E791F901303E4A92E73E4B97E741
:1026D0003A4B98E7394B9BE7384B9EE73B4B0693C9
:1026E00044E191F901303A4A83E73A499EE70023F1
:1026F00006930B780B3B2D2B00F23881DFE813F0AB
:10270000700272023A003E007C027E028102840264
:1027100087028A028D0236014200360144004600DB
:102720002A01480036013601A202A5022E00360118
:1027300036013601360136013601360136013601E1
:1027400036013601360136014200A702AC023601DD
:1027500036014200AC0236014A004E004B788DF83B
:102760001C3007238DF81D304FF48053ADF81E3018
:10277000194B31E791F90130184A3AE791F90130E4
:10278000174A36E7174B3BE7134B3CE7124B3FE743
:10279000114B42E791F90130134A2AE7134945E703
:1027A000340D002034FA01082CFA01088068D92E73
:1027B0004026CA2E58F0010838F001083C0D0020D0
:1027C00034FA01082CFA01082876E81966664241B5
:1027D00058F0010838F00108440D002034FA0108CF
:1027E0002CFA010808E6D33358F0010838F0010844
:1027F000002306930B780B3B2D2B00F2B780DFE80C
:1028000013F0EF01F1013A003E00B5004200000272
:102810000302060209020C02B5004500B50047009C
:102820004900A9004B00B500B5004D0024022E0060
:10283000B500B500B500B500B500B500B500B500F0
:10284000B500B500B500B500B5004F0026022B025B
:10285000B500B5004F002B02B500510055004B7874
:102860008DF81C3005238DF81D304FF48053ADF8E2
:102870001E30844BB0E691F90130834AB9E691F9F4
:102880000130824AB5E64FF47A63B9E6804BB7E689
:102890007C4BB8E67B4BBBE67A4BBEE67D4B1EE736
:1028A0007D4BADE691F901307C4AA2E67C49BDE65C
:1028B000002306930B780B3B2D2B57D8DFE813F042
:1028C000900192013A003E0056009E01A101A40130
:1028D000A701AA01AD01560042004400460048008D
:1028E0004A004C00560056004E00C5012E0056000E
:1028F0005600560056005600560056005600560028
:10290000560056005600560042005000580056002F
:1029100056004200580056005A005E004B788DF871
:102920001C3007238DF81D304FF48053ADF81E3056
:102930005C4B51E691F901305B4A5AE691F901305E
:102940005A4A56E65A4B5BE6022359E6554B5AE67D
:10295000544B5DE6102353E6524B5EE6554BBEE604
:1029600013238DF8183003238DF81A30069B2EE0C0
:10297000042345E691F901304F4A3AE64F4955E6BE
:10298000002305930B78013B372B1FD8DFE803F0BA
:102990001C1E1E1E1E1E1E1E1E1E393B3D421E46B6
:1029A000494C4F52551E601C62676C6E1E1E711E94
:1029B000241E1E1E1E1E1E1E1E1E1E1E1E1E74A455
:1029C0001C1C1E741C1CACB008230593059B0093B3
:1029D00000980BB05DF804FB4B788DF81C30042395
:1029E0008DF81D304FF49043ADF81E30344B1B680A
:1029F00007A803F55872CDE90823FFF724F90590DD
:102A0000E4E74023E1E72023DFE791F901302D4A95
:102A1000D35CDAE791F901302B4AF9E740F6B83395
:102A2000D3E74FF47A73D0E74FF4FA63CDE741F27E
:102A30008833CAE741F27073C7E7FEF747FC40F2FC
:102A4000D17390FBF3F202FB130000F57A70D6E726
:102A50001E4BBAE71A4B1B6803F55873B5E7184BC2
:102A60001B6803F55B73B0E74823AEE7144B1B68A4
:102A7000ABE7174B0593A9E70A79144B154901FBFE
:102A80000233A2E74C0D002042FA01083CFA01088B
:102A9000E013F3360000604160630537E8F0010899
:102AA000D0F00108540D002034FA01082CFA010876
:102AB000F080A6330000F04158F0010838F001081A
:102AC000A40D002058FA010848FA0108A070083740
:102AD0009A990042C027090040F21743ADF814301C
:102AE00003238DF8163071E791F90130604A8FE7C2
:102AF000604990F90100FFF719F980E70023069378
:102B00000B780B3B2D2B3FF631AF01A252F823F08F
:102B1000E12B0108E52B0108E92B0108F12B010845
:102B2000F92B0108FD2B0108032C0108092C0108D1
:102B30000F2C0108152C01081B2C01086D29010818
:102B4000312C01086D290108352C0108392C0108A8
:102B50003D2C0108412C01086D2901086D2901084F
:102B6000452C01084B2C0108C92B01086D290108CF
:102B70006D2901086D2901086D2901086D290108D9
:102B80006D2901086D2901086D2901086D290108C9
:102B90006D2901086D2901086D2901086D290108B9
:102BA000312C01084F2C0108592C01086D2901080E
:102BB0006D2901085D2C0108592C01086D290108B7
:102BC000612C0108692C01084B788DF81C30072313
:102BD0008DF81D304FF40063ADF81E30264BFBE43A
:102BE00040230DE520230BE591F90130234A00E550
:102BF00091F90130224AFCE4012301E540F6B833A3
:102C0000FEE44FF47A73FBE44FF4FA63F8E441F224
:102C10008833F5E441F27073F2E4FEF757FB40F2BB
:102C2000D17390FBF3F202FB130000F57A70DBE442
:102C3000144BE5E4104BE6E40F4BE9E40823DFE432
:102C40000D4BEAE44FF0834349E50F4B47E540F273
:102C50001113ADF8183089E60323D1E40B4BCFE410
:102C600091F901300A4AC4E40A49DFE40023AEE6E0
:102C700030F10108F0F00108600D002034FA01087D
:102C80002CFA0108E069CD339A990940A05CCA3357
:102C900058F0010838F001081FB503780446392BB5
:102CA00000F2B980DFE803F01D24282C303438B757
:102CB000B7B7B7B7B7B7B73C40444F56595C615F39
:102CC00063676A6D7073768589918D95989CA4A0D1
:102CD000A2B7A8B7B7B7B7B7B7B7B7B7B7B7B7B7A8
:102CE000AFB34E4B93F804312371002004B010BDF4
:102CF0004A4B93F81C31F7E7494B1B686360F4E7D4
:102D0000474B1B680833F9E7444B93F80631EBE770
:102D1000424BD3F8D030F1E7404BD3F8D430EDE755
:102D20003E4B93F80531DFE73C4B93F88030DBE70F
:102D30001C238DF80830394B02A993F84000FFF7A7
:102D4000E7FB6060D1E7374B043493E8030084E885
:102D50000300CAE7344B0434F7E7344B0434F4E798
:102D6000334B0434F1E71A23E3E71923E1E72B4B54
:102D700093F86030B8E7294BDB6CBFE7274B1B6D3E
:102D8000BCE7264B5B6DB9E7244B9B6DB6E7234B45
:102D9000DB6DB3E702238DF80830204B02A993F8CE
:102DA000742093F840008DF80A20FFF7B1FB2071E2
:102DB0009BE71A4B93F8CD3096E7184B93F83930D0
:102DC00092E7164B93F8CC308EE7144B93F83830DB
:102DD0008AE7124B5B6C91E7104B93F8483083E71E
:102DE0000E4BDB6F636080E70C4B87E7114B85E789
:102DF0000A4BD3F8C030F5E7084BD3F818314360DD
:102E00000D4B836071E7054BD3F8843076E7034BB5
:102E100093F80B3168E7022068E700BF082F002015
:102E2000983400206C2F0020B02F0020742F002039
:102E3000B82F00202C0700200100010230B5104BF4
:102E400085B00C460F491A560546FEF76FFFE4B2EF
:102E5000072D4FF001030146CDE9024303BF0520D2
:102E60000023CDE9000308200DBF4FF47A70002441
:102E7000CDE9000442431846FEF74EFA05B030BDD6
:102E800058F0010838F00108052807B513460BD89B
:102E90000092094A0B4652F8202008490820F7F70B
:102EA0008FFD03B05DF804FB0A460549082003B016
:102EB0005DF804EBF7F784BDB4F901081C1E0208A5
:102EC000501E020802460B4608200149F7F778BD5C
:102ED000811E020808B50346FEF71CFA30B104480B
:102EE0001844044B98428CBF0020012008BD00BF4D
:102EF00028462EE650BC160030B5104B85B00C4667
:102F00000F491A560546FEF711FFE4B2072D4FF0A0
:102F100001030146CDE9024303BF05200023CDE9AB
:102F2000000308200DBF4FF47A700024CDE900049F
:102F300042431846FEF7F0F905B030BD58F00108DD
:102F400038F0010810B50346FEF7E4F930B1164A2F
:102F5000164C1A44A24202D802230B7010BD144A28
:102F6000144C1A44A24201D80023F6E7124A134C2B
:102F70001A44A24201D80123EFE7114A114C1A4426
:102F8000A24201D80523E8E70F4A104C1A44A24296
:102F900001D80323E1E70E4A1A440E4B9A4201D8A6
:102FA0000423DAE70020D9E740AA8FCC7F841E00F3
:102FB000C02571CCC0C62D00FF5E43CCBF270900E1
:102FC000A0B038CC20A1070040022ECC90D0030046
:102FD000606E29CCE093040030B5104B85B00C46F0
:102FE0000F491A560546FEF7A1FEE4B2072D4FF031
:102FF00001030146CDE9024303BF05200023CDE9CB
:10300000000308200DBF4FF47A700024CDE90004BE
:1030100042431846FEF780F905B030BD58F001086C
:1030200038F0010808B50346FEF774F930B10448DA
:103030001844044B98428CBF0020012008BD00BFFB
:10304000C02571CC80841E0030B5104B85B00C4675
:103050000F491A560546FEF769FEE4B2072D4FF0F8
:1030600001030146CDE9024303BF05200023CDE95A
:10307000000308200DBF4FF47A700024CDE900044E
:1030800042431846FEF748F905B030BD58F0010834
:1030900038F0010808B50246FEF73CF968B1084B64
:1030A0001344084A934209D8074A534345F2E2328F
:1030B000B2EBB31F2CBF0120002008BD0020FCE7AD
:1030C000602E1CC9009F24001DE6CB0B1FB50A46CD
:1030D00009490446FEF72AFED2B2014602920020B8
:1030E0000822CDE90020054A012312570393184610
:1030F000FEF712F904B010BDD0F00108E8F00108A5
:1031000008B50346FEF706F930B104481844044BED
:1031100098428CBF0020012008BD00BF006880CC11
:10312000808D5B0007B50B46092856D8DFE810F004
:103130000A002D004F0061008E00BA00E800FB007D
:10314000280151010A2A48D8DFE812F00B00470095
:1031500047004700470011007E0016004700EB00C3
:10316000EB00186803B05DF804EBFEF7F1BC1878CB
:103170009B7823B9072804E018785B78F9E70238D0
:1031800005288CBF00200120B7E00A2A25D8DFE8F7
:1031900012F00B0024002400240024001100110070
:1031A000160024001D011D01186803B05DF804EB32
:1031B000FEF7E0BC18789B7833B90D28E1E7187862
:1031C0009B780BB90838DBE702380B28D9E7072AC8
:1031D00000F2A380042A08D80AB100208DE0186804
:1031E00003B05DF804EBFEF7E1BC18780138042861
:1031F000C7E70F2AF1D801A151F822F03D320108AA
:10320000DB310108DB310108DB310108DB3101086A
:10321000233301084932010823330108DB31010857
:103220004932010849320108DB310108DB3101086C
:10323000DB310108DB31010821340108186803B0D3
:103240005DF804EBFEF7C0BC187899E70F2AC4D8E4
:1032500001A151F822F000BF99320108DB310108C9
:10326000DB310108DB310108DB31010823330108C0
:103270004932010823330108DB31010849320108D2
:1032800049320108DB310108DB310108DB3101087B
:10329000DB31010821340108186803B05DF804EB44
:1032A000FFF718BE0F2A98D801A151F822F000BFED
:1032B000F1320108DB310108DB310108DB310108A3
:1032C000DB310108233301084932010823330108A7
:1032D000DB3101082333010823330108DB31010806
:1032E000DB310108DB310108DB3101082134010841
:1032F00018680DF10701FFF725FE03B05DF804FB28
:10330000072A0AD8042A9FD8002A7FF466AF1868D3
:1033100003B05DF804EBFFF7BDBE093A012A3FF6A2
:103320005CAF187826E70A2A3FF657AF01A151F89B
:1033300022F000BF61330108DB310108DB310108F5
:10334000DB310108DB3101086D3301084932010826
:103350006D330108DB3101087B3301087B33010841
:10336000186803B05DF804EBFFF75CBE93F900004A
:1033700006283FF432AFC0B2FCE618780A2800E70E
:103380000A2A3FF62AAF01A151F822F0B933010809
:10339000DB310108DB310108DB310108DB310108D9
:1033A000C533010849320108C9330108DB3101087E
:1033B000CD330108CD330108186803B05DF804EB84
:1033C000FEF7D8BB187812E71878FBE618780E28B5
:1033D000D7E60F2A3FF601AF01A151F822F000BF56
:1033E00025340108DB310108DB310108DB3101083C
:1033F000DB31010823330108493201082333010876
:10340000DB3101082333010823330108DB310108D4
:10341000DB310108DB310108DB310108213401080F
:1034200001206AE7186803B05DF804EBFFF768BE97
:1034300037B5074D8DF8040004460F2295F840007B
:1034400001A9FFF76FFE08B185F8084103B030BD50
:10345000082F002030B5104B85B00C460F491A5686
:103460000546FEF763FCE4B2072D4FF00103014669
:10347000CDE9024303BF05200023CDE90003082066
:103480000DBF4FF47A700024CDE900044243184682
:10349000FDF742FF05B030BD58F0010838F00108D3
:1034A0001FB50A4609490446FEF740FCD2B2014660
:1034B000029200200822CDE90020054A012312577C
:1034C00003931846FDF728FF04B010BDF0F0010883
:1034D00030F1010801380A44914200D1704711F8D7
:1034E000013B00F8013FF7E72DE9F041194C804618
:1034F00016462023224604F1100012F8017F17BB64
:103500008242FAD1144D2B68013403B92C606B68E8
:1035100003B11C6000232360601D6C60A66084F80A
:103520000480B2B2FFF7D6FFD5F808320B4801335A
:1035300020FA08F000F0010033442073C5F8083287
:103540003846BDE8F081013B13F0FF030446D1D1BA
:103550000227F5E74B270020442700202007020020
:103560002DE9F843DFF85890D9F8004007460E4699
:10357000154600232CB9D9F8083233602046BDE83F
:10358000F883A268F91A0132914215D32279EA54DC
:10359000581C22895FFA80F8611D55FA80F0FFF708
:1035A00099FFA368246898445FFA88F3E2E720460D
:1035B000256805F09BFB2C46002CF8D1DBE700BF0B
:1035C00044270020016810B50446002951D00B782B
:1035D00043714B7883608A7843EA02238360CA7818
:1035E00043EA024383600A7943EA026383604B79CA
:1035F00003738B79C381CA7943EA0223027BC381B7
:1036000002F00F0208311030FFF764FF237B002225
:1036100003F00F0384F8202084F82820227903F196
:103620000800111A04290DDD21680933043AD21A61
:10363000085C84F82000D2B2606A84F8282019441B
:10364000FFF748FF237922681A44002012F8043C4F
:10365000E36212F8031C43EA0123E36212F8021C3E
:1036600043EA0143E36212F8012C43EA0263E36296
:1036700010BD0220FCE700002DE9F0410C46A4B08B
:1036800009285DD8DFE810F00A004B00BE002A01CF
:10369000A601D30112023E026A02CD020A7B642314
:1036A000ADF80030012A4FF00003CDE90133CDE938
:1036B00003338DF802308DF8143021D0022A24D043
:1036C000002A3DD10B68002B3AD04B68002B37D035
:1036D000A64D88682B60A64B182269461860FFF734
:1036E000F9FE2C68A34B93E807000C3384E807002D
:1036F00093E8070004F10C0585E80700032328E19F
:103700009A49086843600361C9E1984B1B68B3F8A4
:103710006023B3F86C130A43A3F8602310E001237D
:103720000D7BADF800300023CDE90133CDE9033343
:103730008DF802308DF814302DB1013D012D48D99E
:1037400024B0BDE8F0810B68002BF9D04A68002A4C
:10375000F6D0894F88683A60884A894E10609D810A
:10376000182269463360FFF7B5FE3968854B864CF1
:103770000A4608465027036003F5433303F5A07358
:10378000A3420772457200F10C00F4D17F4B8048D0
:1037900066250024C2F8003303F5C31303F5206344
:1037A000834282F8085382F8094302F10C02F1D1F6
:1037B0004FF0FF33C1E9DB33FF2301F55870C1F847
:1037C0007433062201F55B71FEF771FA0146306829
:1037D0007FE0694B1C68062204F55B7104F55870A4
:1037E000FEF765FA664B1B6804F25E349A1E0A33D4
:1037F00032F8021F34F8020F9A4201EA00011180E8
:10380000F6D19DE70D7B00234FF00108CDE9013390
:10381000CDE90333ADF800808DF802308DF8143017
:10382000DDB1013D45458BD85A4B1C68062204F595
:103830005B7104F55870FEF73AFA574B1B6804F2B7
:103840005E349A1E0A3332F8021F34F8020F9A428D
:1038500001EA00011180F6D172E70A68002A3FF4FC
:103860006FAF4B68002B3FF46BAF4A4E4A4F33604B
:103870004A4B4B4C88683A60694618221860FFF73B
:1038800029FE484B2360484B6360484BA360484B7C
:10389000E360484B2361484B30686361474BA36149
:1038A000474BA0F8788380F87A53E361454B236255
:1038B000FDF7CCFA3068A36900F55B709847316872
:1038C000062201F5587001F55B71FEF7F0F901462B
:1038D000386824B0BDE8F041FEF7E9B90A7B6423FB
:1038E000ADF80030012A4FF00003CDE90133CDE9F6
:1038F00003338DF802308DF8143032D0022A33D0E1
:10390000002A7FF41DAF0B68002B3FF419AF4B6802
:10391000002B3FF415AF2C4D88682B602B4B1822E1
:1039200069461860FFF7D6FD2C68294B93E807001D
:1039300084E8070003F10C0207CA04F10C051833F0
:1039400085E8070093E8070004F1180585E80700FB
:103950000723A4F86C33012204F55B7104F5587059
:10396000B7E71949086897E0174BCFE6240D002008
:10397000280D002044EF0108700D00202C0D0020C0
:103980006C0D002000D88C360028503760869736A2
:1039900060D65A379C0D0020740D0020300D002099
:1039A000780D002004040808E10E0108E50D010867
:1039B000ED0D0108691101084D0E0108A50E010861
:1039C000B90E0108E50E0108340D0020380D002065
:1039D0005CEF01080A7B6423ADF80030012A4FF048
:1039E0000003CDE90133CDE903338DF802308DF8C2
:1039F000143018D0022A18D0002A7FF4A1AE0B6828
:103A0000002B3FF49DAE4B68002B3FF499AE9B4DCD
:103A100088682B609A4B182269461860FFF75AFD98
:103A20002C68984B82E795499CE7944B6EE68E2272
:103A300000210DF1020008F0E1FA4FF47A72ADF8BE
:103A40003020ADF87820227B64230A21012AADF8CA
:103A50000030ADF81830ADF84810ADF8603018D02F
:103A6000022A21D0002A7FF46BAE2368002B3FF49A
:103A700067AE6368002B3FF463AE834DA0682B6094
:103A8000824B902269461860FFF724FD2C68804B1A
:103A90004CE77D4B1868002343600361C36100F568
:103AA0005B7100F5587014E7774B2FE60A7B01260F
:103AB0000023B242CDE90133CDE90333ADF8006014
:103AC0008DF802308DF8143018D0022A18D0002A50
:103AD0007FF436AE0B68002B3FF432AE4B68002B00
:103AE0003FF42EAE6B4D88682B606B4B18226946F5
:103AF0001860FFF7EFFC2C68684B17E7654931E762
:103B0000644B03E60A7B01260023B242CDE9013370
:103B1000CDE90333ADF800608DF802308DF8143034
:103B200018D0022A18D0002A7FF40AAE0B68002BA6
:103B30003FF406AE4B68002B3FF402AE584D886848
:103B40002B60584B182269461860FFF7C3FC2C689D
:103B5000554BEBE6524905E7514BD7E501230D7B69
:103B6000ADF800300023CDE90133CDE903338DF802
:103B700002308DF81430E5B1013D012D3FF6E0AD86
:103B80004A4B1C68062204F55B7104F55870FEF779
:103B90008EF8474B1B6804F25E349A1E0A3332F8E3
:103BA000021F34F8020F9A4201EA00011180F6D197
:103BB000C6E50B68002B3FF4C3AD4A68002A3FF40A
:103BC000BFAD3A4F88683A603A4A394E10609D81DD
:103BD000182269463360FFF77DFC3968364B374C55
:103BE0000A4608463027036003F5433303F5A07304
:103BF000A3420772457200F10C00F4D1304B3148FA
:103C000044250024C2F8003303F5C31303F52063F1
:103C1000834282F8085382F8094302F10C02F1D181
:103C2000C6E50A7B6423ADF80030012A4FF000039B
:103C3000CDE90133CDE903338DF802308DF814302E
:103C400018D0022A18D0002A7FF47AAD0B68002B16
:103C50003FF476AD4B68002B3FF472AD1A4D886887
:103C60002B601A4B182269461860FFF733FC2C684A
:103C7000174B38E5144944E5134B47E53C0D00204C
:103C8000400D002080EF0108440D0020480D002069
:103C9000A4EF01084C0D0020500D0020C8EF0108D2
:103CA000540D0020580D0020ECEF0108A40D002059
:103CB000A00D00205C0D00206001C83560518B36DE
:103CC000C0AFD235C0FF9536600D0020640D0020D6
:103CD00010F001082DE9F04F8BB047780093149B4A
:103CE00090F90C8090F90D6090F80EB08A4641680A
:103CF000196004469146002F57D002238DF81030EA
:103D000004A9C37B007C8DF81230FEF701FCB4F8E7
:103D100008C0618943B26068984545466144B8BFB0
:103D20001D46604534BF00270127884209D30A2178
:103D30008DF81010207C019304A9FEF7E9FB019B8C
:103D400046B2B4F808C0608961680CEB400E71455A
:103D500020D3A1EB0C01B1FBF0FC00FB1C11C9B995
:103D600098450ADC237833B10223207C8DF8243077
:103D700006A9FFF781FC4FF0010B21238DF81030CD
:103D8000207CE37B8DF8115004A98DF81230FEF7EA
:103D9000BFFB45B2009B8AF80050384689F80060A6
:103DA00083F800B00BB0BDE8F08F4546F2E70000A5
:103DB00070B50579012D31D90F2D31D801680B7AF5
:103DC00043F3030043F3031340B25BB240EA030240
:103DD000D20F9842C8BF01220868FDF7B9FE80F0F3
:103DE0000100C4B212B1601DC0B270BDD4B90E4E94
:103DF000336805EB450003EB80000C22FFF76AFBFC
:103E000032680C2303FB052320465C72B2F8601372
:103E10000123AB400B43A2F86033E6E70620E4E75A
:103E20000320E2E70420E0E7240D002070B50579C7
:103E3000022D31D90F2D31D801680B7A43F30300DD
:103E400043F3031340B25BB240EA0302D20F98423D
:103E5000C8BF01220868FDF7B7FE80F00100C4B2B8
:103E600012B1601DC0B270BDD4B90E4E336805EBFF
:103E7000450003EB80000C22FFF72CFB32680C237B
:103E800003FB052320465C72B2F860130123AB40AC
:103E90000B43A2F86033E6E70620E4E70320E2E7FD
:103EA0000420E0E7340D002070B50579022D31D9EA
:103EB0000F2D31D801680B7A43F3030043F303134A
:103EC00040B25BB240EA0302D20F9842C8BF01225F
:103ED0000868FEF7FFFF80F00100C4B212B1601D58
:103EE000C0B270BDD4B90E4E336805EB450003EB8C
:103EF00080000C22FFF7EEFA32680C2303FB052347
:103F000020465C72B2F860130123AB400B43A2F869
:103F10006033E6E70620E4E70320E2E70420E0E779
:103F20003C0D0020F7B505790023022D8DF80730F0
:103F300037D90F2D37D807683B7A386843F3030227
:103F400043F3031352B25BB242EA0306F60F0DF1DC
:103F500007019A42C8BF0126FEF7F4FF80F0010076
:103F6000C4B21EB1601DC0B203B0F0BDECB9104EBA
:103F7000336805EB450003EB80000C223946FFF760
:103F8000A9FA32689DF807100C2303FB052320468D
:103F90005972B2F860130123AB400B43A2F86033AF
:103FA000E2E70620E0E70320DEE70420DCE700BFCD
:103FB000440D002070B50579022D31D90F2D31D86F
:103FC00001680B7A43F3030043F3031340B25BB27F
:103FD00040EA0302D20F9842C8BF01220868FFF7E7
:103FE00021F880F00100C4B212B1601DC0B270BDF2
:103FF000D4B90E4E336805EB450003EB80000C226C
:10400000FFF768FA32680C2303FB052320465C7235
:10401000B2F860130123AB400B43A2F86033E6E72C
:104020000620E4E70320E2E70420E0E7540D002047
:1040300070B50579022D3AD90F2D3AD801680B7A5F
:1040400043F3030443F303135AB203F00F03052BA6
:1040500060B212D804F00F04052C94BF0024012490
:104060009042C8BF01240868FFF714F880F00100EF
:10407000C0B224B10530C0B270BD0124F0E7D0B9A0
:104080000E4E336805EB450003EB80000C22FFF772
:1040900021FA32680C2303FB052320465C72B2F838
:1040A00060130123AB400B43A2F86033E4E7062022
:1040B000E2E70320E0E70420DEE700BF4C0D00202C
:1040C00070B50579012D31D9072D31D801680B7AEA
:1040D00043F3030043F3031340B25BB240EA03022D
:1040E000D20F9842C8BF01220868FFF709F880F094
:1040F0000100C4B212B1601DC0B270BDD4B90E4E81
:10410000336805EB450003EB80000C22FFF7E2F972
:1041100032680C2303FB052320465C72B2F860135F
:104120000123AB400B43A2F86033E6E70620E4E747
:104130000320E2E70420E0E7600D0020013A92B29C
:10414000013207F05BBF00002DE9F04F002387B07C
:1041500003610646ADF80430F7F7E4FE20B1012410
:10416000204607B0BDE8F08FDFF8A89199F820103D
:104170000429F4D819B968481422FFF7DFFF674D06
:10418000012385F8593495F8953443F0040385F8F4
:10419000953496F8008008F1FF330C2B00F2B080C4
:1041A000DFE803F007AEAE7B86AEAEAE96AEA99A60
:1041B000A500D5F8403313F02004D0D13779022F71
:1041C0004BD1574FDFF85CB1DFF85CA1FAF7EEFD99
:1041D000224696F9051097F84000FCF771FF87F822
:1041E00039002046F7F7B2FEDBF8001085F80441ED
:1041F0000822FF2311440AF58670A5F80C31C5F892
:1042000008A1FFF767F9DBF8001008220AF58A70A9
:10421000FFF760F92046F7F7F3FE044640B196F940
:10422000051097F840000122FCF74AFF87F8390093
:1042300000231F460721D5F898243261002C64D052
:1042400099F82030002B8BD195F8952485F81E34F1
:1042500063F3820285F8952482E7012F4FF0020272
:104260004ED1DFF8BCA08DF8142002A99AF84000C6
:104270008AF80941FFF700FA33798AF81C31D5F83A
:1042800048331B69984795F8953443F0200385F827
:104290009534214623461C46CDE7002201A9022081
:1042A000FFF722F980B100231F4601211324C2E742
:1042B000B28896F90C10B06801F0C2F8D5F8403316
:1042C00043F00203C5F8403300231F460121E2E713
:1042D000002201A90D20E3E7114B93F804317BB9CB
:1042E00033798DF80430012201A91020D8E700228B
:1042F00001A91220D4E70123002719463C469AE77A
:1043000000231F460121022495E73A46404604F067
:10431000B9FC25E720270020402E0020E8290020B6
:10432000082F002098340020EA29002030B50A4DDB
:1043300001444FF0FF3310F8012B5340082243F3A0
:104340000004013A2C4092B284EA5303002AF6D1C9
:104350008142F0D1D84330BD2083B8ED73B5A14D73
:10436000D5F840339A07044600F1E7820278392AEB
:1043700000F2DF82DFE812F03A0047004F005900F8
:10438000620067006C0071007D00830089008F006F
:1043900095009B00A100A700B000DD02B500D7008A
:1043A000EA0010015E012301DC01E501E901ED01F4
:1043B000F101F501DD02F9010A0230021F0241029A
:1043C00047024E0252027402DD02C702DD02DD0224
:1043D000DD02DD02DD02DD02DD02DD02DD02DD02E5
:1043E000DD02DD02DD02DD02D302D8020079F7F73B
:1043F000ADFD00283BD195F8953443F0400385F896
:104400009534002033E00379022B00F09482764A41
:1044100082F81C31EFE74168002900F08C82734B71
:1044200018680822FFF756F8E5E74168002900F010
:1044300082826E4B186808221044F3E76A4B0279B7
:1044400083F80621D7E7684B4268C3F8D020D2E74B
:10445000654B4268C3F8D420CDE74168002900F0DD
:104460006A820020FDF74CFB0028C4D0112002B066
:1044700070BD4168002900F05E820120F2E74168CA
:10448000002900F058820220ECE74168002900F082
:1044900052820320E6E74168002900F04C827F2029
:1044A000E0E74168002900F046828020DAE74168B1
:1044B000002900F040828120D4E74168002900F003
:1044C0003A828220CEE7484B007983F8050100F05C
:1044D000A9FE00F0F5FA8EE7434B027983F88020BD
:1044E00089E7414E037A8DF8043096F8400096F83B
:1044F00075308DF80530072201A9FEF713FE00285C
:1045000000F01982636896F840000193002201A927
:10451000FEF708FE002800F00E826436D4E901019F
:1045200086E8030067E7304E037A8DF8043096F88A
:10453000400096F875308DF80530072201A9FEF786
:10454000F1FD002800F0F781A836E7E7264E037A50
:104550008DF8043096F8400096F875308DF80530E7
:10456000072201A9FEF7DEFD002800F0E481D4E96E
:10457000010106F16C0383E8030096F80431022B75
:104580007FF439AF96F81C31002B3FF434AF00F0C4
:1045900097FAFDF7B3FC2EE7134E037A8DF804303B
:1045A00096F8400096F875308DF80530072201A97D
:1045B000FEF7B8FD002800F0BE81B036AEE70A4B2A
:1045C000446893F84030092B00F2B581DFE803F02E
:1045D00005121B1D1F2123252730054B18680122BA
:1045E0000BE000BFE8290020082F002098340020AD
:1045F000240D00208C4B18680622214600F55B70C4
:10460000FDF755FBF7E6894BF5E7894BE6E7894B64
:10461000E4E7894BE2E7894BE0E7894BDEE70421D9
:10462000204602F0B3FA012800F08581854BE2E7CD
:10463000854BD3E7854B446893F84030092B00F253
:104640007A81DFE803F0050C2B434547494B4D7356
:104650007F4B18680122214600F55870D0E7724B55
:104660001E68062206F558702146FDF720FB96F8D5
:104670007433A6F874330023A6F87633754B1B68A1
:1046800006F25E369A1E0A3332F8021F36F8020F1F
:104690009A4201EA00011180F6D1ACE6634B1E6834
:1046A000062206F558702146FDF701FB6A4B1B6890
:1046B00006F25E369A1E0A3332F8021F36F8020FEF
:1046C0009A4201EA00011180F6D194E6584BC0E706
:1046D000584BBEE7584BBCE7584BBAE7584BB8E7C6
:1046E0000421204602F052FA012800F02481554BA3
:1046F0001E68062206F558702146FDF7D8FA96F88E
:104700007433A6F874330023A6F87633534B1A6833
:1047100006F25E36931E0A3233F8021F36F8020F95
:104720009A4201EA00011980F6D164E6464B90E70F
:1047300003795A1E0E2A00F2FE80444A82F8603045
:1047400059E6424B4268DA6455E6404B42681A65C6
:1047500051E63E4B42685A654DE63C4B42689A65CD
:1047600049E63A4B4268DA6545E6384C90F9046010
:1047700094F840008DF80460062201A9FEF7D2FCEF
:10478000002800F0D88084F8CD6034E62F4C90F9F2
:10479000046094F8743094F840008DF804600522A9
:1047A00001A98DF80630FEF7BDFC002800F0C3809B
:1047B00084F839601FE6254C90F9046094F84000B5
:1047C0008DF804600A2201A9FEF7ACFC002800F075
:1047D000B28084F8CC600EE61C4C90F9046094F82A
:1047E00040008DF80460092201A9FEF79BFC002817
:1047F00000F0A18084F83860FDE5144B4268C3F8EE
:1048000088205A64F7E5114B027983F88C2083F8ED
:104810004820F0E50D4B4268DA67ECE50B4B426847
:10482000C3F8C020E7E500BF700D00209C0D0020FC
:10483000340D00203C0D0020440D00204C0D0020C4
:10484000540D0020A40D0020600D0020082F002032
:10485000240D00206C0D0020740D0020A00D002000
:10486000012B6AD1374C24212046FFF75FFD636A94
:10487000834264D1142104F12800FFF757FDE36B54
:1048800083425CD1E02104F14000FFF74FFDD4F8F2
:104890002031834253D1BC2104F59270FFF746FDCD
:1048A000D4F8E03183424AD1102104F5F270FFF7C9
:1048B0003DFDD4F8F431834241D1142104F5AF60B9
:1048C000FFF734FDD4F88C35834238D11E4E4FF4B7
:1048D000B26221463046FEF7FDFD4FF4B262002180
:1048E0002046FFF72BFC95F81F3485F8E833F36E6C
:1048F000C5F8EC3396F8753085F8F83340F20123AB
:10490000A5F8FA3377E58379012B14D80E4B42686A
:10491000C3F818210D4B42681B681A606BE50A4BFF
:104920004268C3F8842066E5074B027983F80B21BF
:1049300061E502209BE5032099E5012097E517201A
:1049400095E500BF2C070020082F002050290020EB
:1049500070477047024B1B68DB6803B1184770470C
:1049600098060020F0B5314C314E94F86100336860
:104970009BB068252A46694668431B6898475F22B2
:104980006946204609F0CEFE00284CD094F86130EC
:1049900032680133DBB284F861305269B2FBF5F260
:1049A000934209D30023234984F861300820F6F7A5
:1049B00007F833689B6898471C496222002311F866
:1049C000010B013AA3EB0003DBB2F8D194F861705C
:1049D000194984F86230682517FB05F72B463A46DB
:1049E0000820F5F7EDFF94F8612014490820F5F749
:1049F000E7FF33680D495B682A463846984794F8C4
:104A0000610033682A46694668431B68984707482F
:104A10002A46694609F086FE18B109490420F5F7CF
:104A2000CFFF1BB0F0BD07490820F8E7E0340020B5
:104A300098060020B21E0208D21E0208F61E0208C6
:104A4000131F02083E1F0208044B03F1100253F823
:104A5000041B40F8041B9342F9D170470E35002027
:104A600008B572B603F08CFA62B608BD07B5074BFD
:104A70001B7840BAADF804002BB9022201A940F21C
:104A8000BC60FFF7EDFF03B05DF804FB503500207C
:104A900007B5074B1B7840BAADF804002BB90222CA
:104AA00001A940F2BE60FFF7DBFF03B05DF804FB35
:104AB0005035002008B572B603F092FA62B608BD10
:104AC00007B54FF0904310229A6220229A6202208A
:104AD000FCF70AFD042301220DF1070184208DF863
:104AE0000730FFF7E7FF044B002202201A7003B0E3
:104AF0005DF804EB01F022BA5036002007B5094BEF
:104B00008DF8060004221A70030C8DF8043003227D
:104B1000030A01A983208DF80530FFF7CBFF03B00E
:104B20005DF804FB50360020F8B504460E461746E3
:104B300072B6154DAB79012BDAB219D16B79012B15
:104B400016D06A7103F05EF901F0EEF90E2003F061
:104B500077F9002003F074F92644B4420ED101F035
:104B6000D9F903F02BF9AB680123AB7100236B710A
:104B700062B63846BDE8F840FFF7C0BF14F8010B35
:104B800003F05EF9E9E700BF000D0020F8B5554DD0
:104B90000C4640F201210646084601F0CBFD95F88F
:104BA00056000121FCF7AFFC2B78012B40F6890061
:104BB00013D195F85130062B0FD1FCF74DFC00F0C6
:104BC000FB0140F68900FCF767FC2B78042B53D8D7
:104BD000DFE803F05B4A5B5D0900FCF73DFC40F059
:104BE0000401C9B2EDE7404A731E1046C6F1010741
:104BF0004FF0000CF9188C424DDC0022E700134600
:104C0000BA424FDB83F0010203EB43039B0143EA0B
:104C10004213661C0355F6B20223AB73AE7601F065
:104C20000FFD0021F120FCF737FC0021F020FCF7FC
:104C300033FCAB6C642B4FD17021F320FCF72CFCC0
:104C40001D21F220FCF728FCE1008C1CF420090A4D
:104C5000FCF722FC04F0FE01F520FCF71DFC2248C5
:104C60006FF07F42314605E0EC7701F0E9FC00226D
:104C700021463046FFF758FF69681C4804F00EFAD9
:104C8000BDE8F840194804F025B9AC75EDE70223FA
:104C9000AB73AC76E9E713F8011FC943197002F84A
:104CA00001CBA7E7D1106FEA020C715C0CF0070C86
:104CB000013241FA0CF101F001014FEAE20C4B40E4
:104CC000D14310F80CE001F0070103FA01F141EAC9
:104CD0000E0100F80C1093E7E121F320FCF7DCFB58
:104CE0000421AEE7883600205135002070360020C0
:104CF00007B5094B8DF8060005221A70030C8DF8D4
:104D000004300322030A01A982208DF80530FFF741
:104D1000D1FE03B05DF804FB5036002037B500210A
:104D2000084601F007FD002340F6E2000193FCF77E
:104D300093FB00F0FE01054640F6E200FCF7ACFBF9
:104D400040F6E500FCF788FB00F07F01044640F6E2
:104D5000E500FCF7A1FB6FF07F40FFF7C9FF72B6DB
:104D600004220DEB020140F6190003F0D7F862B6F9
:104D700001F0C8FC294640F6E200FCF78DFB214615
:104D800040F6E500FCF788FB019803B030BD000059
:104D900040F2622110B50446084601F0CBFC34B164
:104DA0000B48214604F07AF9094804F093F8094CBD
:104DB00000230120A36503F081FE63782BB16FF01F
:104DC0007F40BDE81040FFF793BFA0688001F8E77F
:104DD000583600208836002007B501228DF80700DC
:104DE0000DF107019F20FFF765FE03B05DF804FB9E
:104DF00007B501228DF807000DF10701A020FFF78C
:104E000059FE9DF807103F2907D901F0F80101313B
:104E1000C9B240F20670FCF73FFB03B05DF804FB3B
:104E200037B51D4D2B7804466BB91C4B98421AD9E7
:104E30004EF6E113ADF80430022201A99820FFF7E5
:104E400039FE01232B700023154A6006E109F3F7B0
:104E5000B9FF042200BA01900DEB02018620FFF792
:104E600029FE03B030BD0F4B984202D94DF6D7331F
:104E7000E0E70D4B984202D94CF2C153DAE70B4BF5
:104E8000984202D948F27513D4E7094B9842D3D916
:104E900046F66B73CEE700BF5136002000E9A4351B
:104EA0000048E80180F8A9328044E52D000B6B1B17
:104EB00040FC5419FFF7B4BF07B5094B8DF8070044
:104EC0000146187018B940F2AC60FCF7E5FA01220F
:104ED0000DF107018A20FFF7EDFD03B05DF804FB3B
:104EE0005035002010B50F4C2070052804D8DFE89D
:104EF00000F0090B031717090320FFF7DDFF00235C
:104F0000637310BD0020F8E70120FFF7D5FF207B79
:104F1000637B8342F5D06073BDE8104000F082B936
:104F20000220EAE7883600202DE9F04F85B0884658
:104F30009DF85C109DF844A0944CBDF840906170C1
:104F4000002918BF4FF0000991499DF848B0BDF8FD
:104F50003C70BAF1000F08BF4FF0FF0B1546012857
:104F60009DF84C200092064681F800B000F0B18018
:104F7000052804D0002873D005B0BDE8F08F0120CB
:104F8000FFF72AFF09234FF0000A84F84430404617
:104F90004FF44873236484F838A0E563FCF746FABD
:104FA0004FF4805384F84500638230460123FF00AC
:104FB000E37584F80EA02782A4F814A084F816B034
:104FC00084F818A0FFF78EFF01F032FA01F038FBE9
:104FD000704AD2F80401D2F8081102AB03C302A848
:104FE00003F082FD40F2FF10FCF762FA40F6B800D1
:104FF000FCF732FA00F0EF0140F6B800FCF74CFA8B
:10500000042140F6B900FCF747FA40F69B00FCF794
:1050100023FA00F0E30141F0080140F69B00FCF7A1
:105020003BFA40F2D160FCF717FA40F01801C9B220
:1050300040F2D160FCF730FA40F2AC60FCF70CFAB9
:1050400000F08F0141F0500140F2AC60FCF724FA0F
:105050004FF4FA5303FB09F3B3FBF5F3A3608BE7BB
:10506000FFF7BAFE0B23404684F8443084F83860DA
:10507000E563FCF7DBF941F604036382009B84F8E7
:105080004500002B0CBF0123F2238AF00102E375D7
:10509000FF00012362752376A6732782267584F8A4
:1050A00016B0FCF7D7F93046FFF71CFF01F0C0F946
:1050B00001F0C6FA374AD2F80C01D2F8101102AB4F
:1050C00003C302A803F010FD40F2FF10FCF7F0F953
:1050D000BEE700200193FFF77FFE2F48019B10F8E9
:1050E000080084F83860E9B284F85010B8F1000F75
:1050F0003CD10B3D012D8CBF00250125053901292F
:1051000002D80C2F38BF0C2784F85230009B84F84B
:10511000535084F8203001259DF8583084F8213010
:1051200084F85100A573A78384F81EA084F81FB0EB
:10513000FCF790F92846FFF7D5FE01F079F901F068
:105140007FFA5FFA89F0FFF753FE94F82130AB4203
:1051500040F2367014D1FCF77FF900F0FB0140F209
:105160003670FCF799F94FF6FF7377E7B8F1010F46
:1051700004D1A5F10C0255425541BFE70025BDE71A
:10518000FCF76AF940F00401C9B2E8E7883600206C
:105190001102002024EF0108ACF90108F0B58DB030
:1051A0000D46044617461E46FCF754F90020FFF74B
:1051B00099FE2046FFF734FE00240123CDE9084381
:1051C00003234FF4167229462046CDE90644CDE963
:1051D0000444CDE90244CDE900532346FFF7A4FE81
:1051E0002046FFF7D5FD042000F0A8FEF5F724FBCC
:1051F00004462046F5F727FBB04205D30124FCF70F
:1052000029F920460DB0F0BD01220BA91520FCF7AD
:105210008EF99DF82C305B42B7EB630FE9DA00247E
:10522000EDE700000D4B10B50446187358730120CC
:10523000FFF758FE5CB134214FF4E860FCF72CF91D
:105240004421BDE8104040F24170FCF725B914211B
:105250004FF4E860FCF720F92421F2E788360020BB
:105260000F2937B5A8BF0F2101281546CCB21BD195
:10527000024600210620013C01F06DFA64B26FF095
:1052800010039C42B8BF1C46182140F6E700FCF70B
:1052900003F9022201A98E208DF804408DF80550F3
:1052A000FFF708FC03B030BD40F6D800FCF7D4F897
:1052B00040F01E01C9B240F6D800FCF7EDF8073403
:1052C00007210022042001F046FA64B26FF00803BF
:1052D0009C42B8BF1C463821D7E708B502220146D8
:1052E0001046FFF7BDFF022008BD00002DE9F74F73
:1052F00001280C9DBDF838809DF83C909DF840A099
:105300004B4C06460F46934646D0042800F0838057
:10531000C0BB0B2284F83800184684F84420E563AB
:10532000FCF784F8BAF1000F41F6040363820CBF66
:105330000123F223E3754FEAC808012389F001092C
:10534000237684F84500C4F840B0A673A4F8108012
:10535000267584F81590FCF77DF83046FFF7C2FDFE
:1053600001F066F801F06CF9324AD2F80C01D2F87B
:1053700010116B4603C3684603F0B6FB40F2FF1002
:10538000FCF796F83846FFF7A8FF149B84F8560000
:10539000636003B0BDE8F08F274984F83800EAB2B3
:1053A000C95C84F850206BBB0B3D012D8CBF0025E0
:1053B0000125053A012A04D8B8F10C0F38BF4FF087
:1053C0000C089DF8343084F852301C4B84F853504C
:1053D0001B78E37701259DF84C3084F8511084F850
:1053E0002130A573A4F81C8084F81E9084F820A0B6
:1053F000FCF730F82846FFF775FD01F019F801F0C9
:105400001FF9BFE7012B04D1A5F10C035D425D41FB
:10541000CFE70025CDE7FFF765FD022384F838309C
:105420001623A56484F84C3001F002F8AAE700BF07
:105430008836002024EF0108ACF901081102002091
:1054400038B50D461446FFF7EBFC2846FFF745FF3D
:105450000121FCF758F80022074D1146D120FFF733
:1054600029FB4FF47A712846614303F017FE284662
:10547000BDE8384003F02EBD70360020000000006B
:1054800010B5144608A3D3E90023F3F7DDF809F0BB
:10549000CBFCF3F789FB031623700314637003122C
:1054A000A370E07010BD00BF0000000080842E419A
:1054B000BFF34F8F0549064BCA6802F4E0621343FD
:1054C000CB60BFF34F8F00BFFDE700BF00ED00E0F2
:1054D0000400FA0507B50B4C002918BF0C46CDE9AE
:1054E000000409490420F5F76BFA084BD3F8F030B3
:1054F000DB0700D500BE06490420F5F761FAFFF787
:10550000D7FF00BF070B02085C1F020800ED00E098
:10551000811F02082DE9F0416C4B6D4F6D4D6E4AB5
:105520006E4988B018600023C7E901337B70BB6502
:105530002B60AB79116003F0FF0193B94FF0B043DA
:1055400069715A6E42F001025A665B6E03F0010304
:1055500002933220029B01F05BFA614B4FF48022F0
:105560005A6002234FF0B042AB71D2F8943023F46A
:105570000043C2F894305B4B1B681C214B43DB0C8F
:1055800064214B430193019B002B40F08D8001244B
:10559000AC6000F0BFFC544AD2F8903043F4805322
:1055A000C2F89030514B9A6842F400629A604FF40E
:1055B00000629A61002C40F0818003F57C432A68E8
:1055C000196842F4417221F0400119601A604FF4E9
:1055D000B8525A601A6842F0400201261A6002204E
:1055E000AC602E71AE71FBF77FFF414B1C7001F078
:1055F00089F8404B0393042203A99720FFF75AFA36
:10560000214640F61110FBF747FF324603A97F23DE
:1056100089208DF80C30FFF74DFA3046102507949D
:1056200000F030FC032303A806934FF02008CDE9D7
:105630000356059400F06CFF03A8CDF80C8000F031
:1056400067FF4FF090433246C3F828809D622A4B93
:10565000BC8103A996201E708DF80C60FFF72AFA12
:1056600003A902228F20ADF80C40FFF723FA042291
:1056700021463046FFF7F4FD4FF6FF71084601F072
:1056800059F8FFF71DFA1D491D4802F0F1F91D49AF
:105690001D4802F0EDF91A4803F0BCFC1A4808B0A6
:1056A000BDE8F04103F0B6BC019B013B0193D2F889
:1056B000944014F480447FF466AF6AE70120134AF3
:1056C000A8710D230021FFF705FF00BFE43600207D
:1056D00088360020000D00205436002025190108CE
:1056E00000E100E04C0100200008005800040058D0
:1056F00051360020010000405036002005140108FA
:1057000070360020191401085836002006FD0108E3
:1057100070B5124C2078052815D1114D02232E6941
:10572000237000F0C1FB78B103230E4923700820D9
:10573000F5F746F9330405D504230B4923700820F7
:10574000F5F73EF9207870BDEB6803F08403842BF5
:10575000F0D1032305492370E9E700BF10020020C0
:1057600000040058951F0208C41F0208A91F020860
:105770004FF0B0431868C0F3005070474FF0B0438B
:105780001868C0F3C0007047836A9A6D12F0500F1A
:105790009A6D28D142F400729A651A68D16811F4A2
:1057A000406F13D1997E89B9116808070ED59168A9
:1057B00049070FD4516821F00C0151609A6D22F411
:1057C000807222F0010242F001029A65094B012227
:1057D0001A7070479A6D42F020029A65DA6D42F0B5
:1057E0000102DA65F2E7D20602D41B6D5B6B184743
:1057F000704700BF683700207047836A9A6D42F097
:1058000040029A65DA6D42F00402DA6570470000E2
:105810000268416CD3B210B5083B1424B3FBF4F317
:105820000B4CA24288BF0B4A21F0030199BF01F142
:10583000804202F50232521807338264064AC2647B
:1058400003F01F03012202FA03F3036510BD00BF3A
:10585000070402401C08024080080240094B0A4924
:10586000DA6822F02002DA600868DA68920601D568
:10587000002070470A68121AB2F57A7FF5D9032022
:10588000704700BF00280040A026002030B50D4A18
:10589000134612F8011B2029FAD02D290ABF1346FE
:1058A00000210121013B00200A2513F8012F303A85
:1058B000D4B2092C02D901B1404230BD05FB002011
:1058C000F3E700BF49220020134A144910B51468B9
:1058D0000B69DB0313D40B69D80744BF01200861AF
:1058E0004CF2FA310B4011D10C49086910F48020B8
:1058F0000BD013681B1BB3F57A7FF6D304E0136853
:105900001B1BB3F57A7FE3D3032010BD034A136159
:10591000034A01205360F8E7A02600200040005809
:10592000E8360020F0B5034600EB410101260020D7
:105930008B4200D1F0BD002433F8027B224606FAE8
:1059400004F5BD4308BF013204F1010408BFD2B21F
:10595000102CF4D11044C0B2EAE70000034B5A699E
:1059600042F000425A615B69704700BF0040005836
:10597000054B5A69002A05DA044A9A6002F1883216
:105980009A605B69704700BF00400058230167457B
:1059900070B50C460546F3F7AFFD0646F3F7A6FDD6
:1059A000A11B8AB209B20029A5EB0005BEBF02F512
:1059B0007A7205F1FF3511B24FF47A7000FB0510D1
:1059C00070BD30B5046891FAA1F3B3FA83F30325EF
:1059D0005B0005FA03F324EA030391FAA1F1B1FA9B
:1059E00081F149008A401A43026030BD2DE9F0413F
:1059F000104C1F462378012B0646904618D00123F1
:105A0000237000236360FFF75FFF78B90A4D6B696D
:105A100043F001036B61C6F80080BFF36F8F7760BE
:105A2000FFF752FF6B6923F001036B6100232370C2
:105A3000BDE8F081E836002000400058044B1846CD
:105A400001330278202AFAD0002105F065BB00BF9F
:105A500049220020F8B5FFF7F1FF0F460646F3F79D
:105A6000A3F8642390FBF3F0F2F784FD0B4B0022C4
:105A700004460D46F2F7E8FD02460B46304639462D
:105A8000F2F72AFC064B0022F2F708FF02460B460B
:105A900020462946F2F722FCF8BD00BF000059401D
:105AA00000004E402DE9F74F99464379057990F96A
:105AB000068090F9076004468B4692468BB190F9B8
:105AC000087075B3B8F10F0F12D194F909800F2E39
:105AD0001FD194F90A60072D23D1002F08BF012799
:105AE0001FE090F90B7090F9098090F90A60E8E7DF
:105AF000A369019394F91530009394F91430216946
:105B0000207B4246FCF772F80028E0D105F0FD0545
:105B1000DDE7002E0FDB94F91C30B342DBDA05F031
:105B2000FB0528468BF800808AF8006089F8007031
:105B300003B0BDE8F08F0026CDE7000038B5A94CD2
:105B400094F87F50002D44D1A749062204F171003A
:105B500006F0ECFC30B1A549062204F1710006F014
:105B6000E5FC18B9012384F8703038BDA04906223D
:105B700004F1710006F0DAFC30B19E49062204F10E
:105B8000710006F0D3FC08B90223ECE79A4906221B
:105B900004F1710006F0CAFC30B19849062204F104
:105BA000710006F0C3FC08B90323DCE79449062220
:105BB00004F1710006F0BAFC30B19249062204F1FA
:105BC000710006F0B3FC08B90423CCE784F87050E8
:105BD000CBE794F87030013B032BC6D8DFE803F025
:105BE000027392A1013D0A2DBFD801A353F825F0FD
:105BF0001D5C0108675C0108715C01088D5C01088F
:105C0000975C0108B35C0108BD5C01086B5B01088F
:105C10006B5D01086B5B0108BF5D010894F8713092
:105C200094F87220303B303A03EB830302EB4303DA
:105C300084F8AA3094F8733094F87420303B303AEA
:105C400003EB830302EB430384F8AB3094F8753025
:105C500094F87620303B03EB8303303A02EB4303A6
:105C600084F8AC3081E7FFF7F5FEC4E922017CE758
:105C700094F8713003F0DF03532B7FF476AFD4E94F
:105C8000222101F10043C4E922236EE7FFF7E2FE7F
:105C9000C4E9240169E794F8713003F0DF03572B5E
:105CA0007FF463AFD4E9242101F10043C4E9242344
:105CB0005BE7FFF7EBFD84F8A90056E7FFF7E6FD89
:105CC00084F8A80051E7102D19D00DD8022D11D05D
:105CD0000F2D4AD0EB1E0B2B3FF647AFFFF7D6FD3B
:105CE000254485F89E0040E7112D7FF43EAFFFF775
:105CF000A5FECDE7FFF7CAFD84F8A00035E7FFF762
:105D00009DFEB2E7022D07D0032D7FF42EAFFFF7E3
:105D1000BDFD84F8880028E7FFF7B8FD84F8890006
:105D200023E7023D092D3FF620AF01A353F825F0EC
:105D3000595D01086B5B01086B5B01086B5B010837
:105D40006B5B0108EF5C01086B5D0108755D010884
:105D5000BF5D0108C95D010894F87130A3F14102EB
:105D60005342534184F88830FFE6FFF767FEC4E9E9
:105D70002601FAE694F8713094F87220303B303AFC
:105D800003EB830302EB430384F8893094F8733008
:105D900094F87420303B303A03EB830302EB430367
:105DA00084F88A3094F8753094F87620303B03EB11
:105DB0008303303A02EB430384F88B30D5E6FFF7D8
:105DC0003DFEC4E92801D0E694F8713003F0DF030A
:105DD000572B7FF4CAAED4E9282101F10043C4E96E
:105DE0002823C2E6D8210020E81F0208EF1F02087E
:105DF000F61F0208FD1F0208042002080B200208FB
:105E000012200208192002084FF0B043D3F8900086
:105E1000C0F3400070470000F7B51446FFF7A8FD37
:105E200010F0070605460F460BD01549042003B0B5
:105E3000BDE8F040F4F7C4BDBA594B68FFF7D6FD92
:105E40000836A31B072B05EB060007EB0601F3D86A
:105E500014F007020FD024F007031D44D5E9000118
:105E6000CDE90001F918684606F09CFADDE9002347
:105E70002846FFF7BBFD03B0BDE8F040FFF76EBD5D
:105E8000202002084FF0B04382B0DA6C0243DA649B
:105E9000DB6C03400193019B02B070474FF09043CD
:105EA000186900F001007047024B1869C0F3C00088
:105EB000704700BF00040048074B0144884203D1EB
:105EC000DA695206FCD5704710F8012B9A62DA693C
:105ED0001206FCD5F2E700BF00380140064AD3683D
:105EE00000F0070123EA010343EA5010D0609368F1
:105EF00019439160704700BF00040058002309282F
:105F000003D840EA0310C0B270470A380133C0B268
:105F1000F5E70000034AD2F8903043F40043C2F89A
:105F20009030704700040058034AD2F8903023F4B0
:105F30000043C2F89030704700040058044A431CE4
:105F4000116818BF013013685B1A8342FBD3704796
:105F5000A02600204FF0B04238B5916801F00C0146
:105F6000082933D012D8002934D1FFF707FC414D5E
:105F70000446F8B9FFF702FC012816BFD2F8944096
:105F80001368C4F3032455F8240038BD0C2923D02A
:105F9000FFF7F4FB374C014600285BD1FFF7EEFB1F
:105FA000012816BFD2F894101368C1F3032154F8E6
:105FB0002100EAE7FFF7E2FB01280ABF1168D2F8E7
:105FC0009430C1F3031155F82100DEE7FFF7D0FB51
:105FD00001284CD12848D8E7D36803F00303022BEB
:105FE00016D0032B10D0FFF7C9FB224C014610BB83
:105FF000FFF7C4FB012816BFD2F894101368C1F351
:10600000032154F8213004E0FFF7B2FB01281FD12F
:10601000194B4FF0B042D068D168D268C0F3062067
:106020005843C1F302130133B0FBF3F0530F0133B4
:10603000B0FBF3F0A9E7FFF7A1FB01280BBF136842
:10604000D2F89430C3F30313002354F82330E0E76D
:106050000A4BDEE7FFF792FB01280BBF1368D2F86B
:106060009430C3F30313002354F823008DE703484F
:106070008BE700BF8CFA01080024F4000048E80117
:1060800008B5034A034911230020FFF723FA00BF94
:10609000532002089B20020808B5034A034917232E
:1060A0000020FFF717FA00BF53200208A7200208BC
:1060B00008B5034A03491D230020FFF70BFA00BF70
:1060C00053200208B920020808B5034A03492323D4
:1060D0000020FFF7FFF900BF53200208CB20020881
:1060E00008B5034A034929230020FFF7F3F900BF4D
:1060F00053200208DC2002087047704770470000F8
:10610000024A136801331360704700BFA0260020C5
:1061100070470000284B70B4596C1C6C1A682668D4
:10612000156801F01C0104208840064210D015F0CB
:10613000040F0DD011681B6B89065EBF116821F03A
:10614000040111606060002B34D070BC1A481847FD
:1061500002208840064217D015F0020F14D01168B3
:106160008C0606D4116821F00A011160012183F820
:10617000251012498A428CBF114A124A50600022EF
:1061800083F82420DB6ADEE708208840304211D003
:1061900028070FD5106820F00E001060012202FAC7
:1061A00001F16160DA6383F82520002283F824205E
:1061B0005B6BC8E770BC704700370020800002406E
:1061C00000040240000002407047000038B51C4B3C
:1061D000DA6995060AD51B4C5D6AE26823689A4223
:1061E00012D3194A13680133136038BDDA691407F2
:1061F0001FD4DA6950071FD4DA6991071ED4DA690F
:10620000D207F2D5012215E0FEF7A2FB636804F184
:106210001002D554636822680133B3FBF2F102FB2C
:1062200011336360E3680133E360BDE83840FEF793
:1062300090BB08221A62D8E70422FBE70222F9E7A2
:106240000038014088220020100D002038B51C4B7A
:10625000DA6995060AD51B4C5D6AE26823689A42A2
:1062600012D3194A13680133136038BDDA69140771
:106270001FD4DA6950071FD4DA6991071ED4DA698E
:10628000D207F2D5012215E0FEF762FB636804F144
:106290001002D554636822680133B3FBF2F102FBAC
:1062A00011336360E3680133E360BDE83840FEF713
:1062B00050BB08221A62D8E70422FBE70222F9E762
:1062C00000800040C4110020140D0020704770476A
:1062D0007047704770477047704770477047704706
:1062E00070477047704770477047704770477047F6
:1062F00070477047704770477047704770477047E6
:1063000070477047704770477047704770477047D5
:1063100070477047704770477047704770477047C5
:1063200070477047704770477047704770477047B5
:10633000704770474FF0B04310B59968DB6811F0B3
:106340000C0105D00C2958D103F00303012B62D1B5
:10635000FFF714FA324C024600283FD1FFF70EFA3D
:106360004FF0B043012816BFD3F894201B68C2F346
:10637000032254F8222000290CBF134600234FF0BB
:10638000B040816801F00C010C291CD1C36803F0F6
:106390000303022B05D0032B04D1FFF7E9F90128F1
:1063A0003CD1204A4FF0B041CB68C868C968C3F3FC
:1063B00006235343C0F302120132B3FBF2F34A0F38
:1063C0000132B3FBF2F34FF0B04217499268C2F3C7
:1063D000031251F82200B3FBF0F010BDFFF7CEF925
:1063E0004FF0B04301280BBF1B68D3F89430C3F3C0
:1063F0000313002354F82320BDE7042902D1094BDD
:106400000022BCE7082906D1FFF7B2F90128F6D02F
:10641000064B0022B3E700221346B0E7034AC1E768
:106420008CFA01080024F400D0F601080048E801C5
:1064300013B50023CDE90033314C324B94F83800CA
:106440001B78834201D0FEF737FD94F83830032BD8
:1064500029D8DFE803F0023C2A3FE26B2A4BB3FB6A
:10646000F2F31A0C216C8DF800208DF802301A0A14
:1064700094F844308DF8033094F845308DF80120BD
:106480008DF80430214A00234806C909F2F79AFC26
:10649000030C40BA8DF80530ADF8060008226946B5
:1064A0008B20FEF707FB02B010BDA26C164BB3FBAE
:1064B000F2F31A0C8DF800208DF802301A0A94F8C5
:1064C0004C308DF801208DF803300422E7E7236D6E
:1064D0000093FAE7E26B0C4BB3FBF2F31A0C8DF866
:1064E00000208DF802301A0A94F844308DF80330F9
:1064F00094F845308DF801208DF804300522CEE760
:1065000088360020503500200000093D0048E80191
:106510002DE9F04F494C00234FF090414FF00F0907
:10652000026832FA03F501D1BDE8F08F012505FAC2
:1065300003FC1CEA02027FD04668032706F003052D
:106540004FEA430807FA08FE6F1E012F6FEA0E0E8E
:1065500034D88F6807EA0E0AC76807FA08F747EACF
:106560000A078F604F6827EA0C0CC6F300179F409C
:1065700047EA0C074F60CF6807EA0E0C876807FAF6
:1065800008F747EA0C07022DCF6019D14FEAD30C68
:106590004FEA8C0C0CF1904C03F0070ADCF82070E9
:1065A0004FEA8A0A09FA0AFB27EA0B0B076907FA7E
:1065B0000AF747EA0B07CCF8207001E0032DDAD187
:1065C0000F6805FA08F507EA0E073D4316F4403F49
:1065D0000D6031D023F0030505F1804505F58035C8
:1065E00003F00307D5F808C0BF004FF0070E0EFAFE
:1065F00007F72CEA0707AF602568D74316F4801F1A
:106600000CBF3D4015432560656816F4001F0CBFA4
:106610003D4015436560D4F8805016F4803F0CBFB0
:106620003D401543C4F88050D4F88450B60354BF9D
:106630003D401543C4F88450013371E70008005809
:106640001FB50023CDE901332B4C8DF80C302B4BBB
:10665000A07B1B78834201D0FEF72EFCA37B032B8B
:1066600026D8DFE803F002383302E37DF12B21D195
:106670004FF6FF70FEF7FAF948F20500FEF708FA48
:106680000223228A618AADF8061052BAA18AADF8B7
:1066900004208DF80B30A27D237E8DF80A20ADF802
:1066A00008108DF80C30092201A98C20FEF702FA9F
:1066B00004B010BDF22BE4D141F60F50FEF7D6F92D
:1066C00041F22100FEF7E4F90623DAE7A37E8DF814
:1066D00004300122E8E7A38B094A5BBAADF8043025
:1066E000A37F13708DF80630E37F8DF80730238C7D
:1066F000ADF808300622D7E7883600205035002054
:106700004835002007B5002301220DF10701802044
:106710008DF80730FEF7CEF99DF80730002B044BBB
:1067200014BF022201221A7003B05DF804FB00BFFF
:106730005036002007B5082240BA49BAADF800002B
:10674000ADF802100023694610460193FEF7B2F936
:1067500003B05DF804FB07B58DF8062004228DF820
:1067600004008DF8051001230DEB020195208DF832
:106770000730FEF79FF903B05DF804FB10B50A225D
:106780000C46002105F03CF911B92060012010BD34
:106790000020FCE710B5034600F1800400221846F3
:1067A00013F8011B32B920394A424A41A342F6D1BB
:1067B000002001E02029F9D010BD00000F4BD8685F
:1067C00010F0400030B517D1DA680D4C42F080026D
:1067D000DA602568DA6812F0400201D1032800D19E
:1067E00030BD216810464A1BB2F57A7F82BF054A48
:1067F000032082F82D00EDE70020F1E7002800409B
:10680000A0260020A826002010B5104CE36823F035
:106810008003E360A3699B0607D4FFF71FF818B154
:106820000B4B032083F82D0010BDA36923F0200338
:10683000A361FFF713F818B1054B032083F82D006F
:10684000A36943F02003A361EEE700BF00280040E6
:10685000A826002037B54C4C94F82D3003F0FF02E9
:10686000002B52D1494B84F82C2022689A424CD1FB
:106870004FF0B043D3F8903003F44073B3F5807F0A
:1068800032D0434B1A68D10506D41A6842F480729C
:106890001A601A68D205FCD54FF0B043D3F89020A7
:1068A00042F48032C3F89020D3F8902022F4803252
:1068B000C3F89020D3F8902022F01802C3F890205B
:1068C000D3F8902042F00102C3F89020FFF79CFA21
:1068D0000128FBD14FF0B042D2F8903023F440733E
:1068E00043F48073C2F890304FF0B043D3F8902057
:1068F00042F40042C3F890209A6D42F480629A6597
:106900009B6D03F480630193019B204D022384F867
:106910002D30CA236B6253236B62FFF74FFF18B110
:10692000FF236B6203B030BDAB6923F08E6323F0AD
:106930004003AB61AB696268134322691343A269E8
:106940001343AB61D4E9022343EA02432B61D4E948
:106950000931EA680B4322F4F8521343EB60FFF766
:1069600053FF0028DCD1D4E90713AA690B436169FE
:1069700022F060420B431343AB61FF236B620123A0
:1069800084F82D30CEE700BFA82600200028004064
:1069900000040058104A92F82C30012B4FF00200EE
:1069A00019D00E4B82F82D00CA2159625321596229
:1069B00099690B4841F080019961D0F8801041F449
:1069C0008021C0F88010FF2159620020012382F845
:1069D0002D3082F82C007047A826002000280040A7
:1069E0000008005800F00700C0F10702031D042A48
:1069F00028BF0422062B4FF0FF3303FA02F38CBFAB
:106A00000338002021EA030101FA00F0704700007A
:106A100038B50B4D0446E868C0F30220FFF7E2FFEB
:106A2000631C4FEA00131CBF04F1604000F5614095
:106A3000DBB214BF80F8003385F8233038BD00BFC7
:106A400000ED00E010B5FFF775FC4FF47A73B0FB72
:106A5000F3F00138B0F1807F11D24FF0E023094A02
:106A60005861F02182F82310002407229C614FF026
:106A7000FF301A610F21FFF7CBFF204610BD012028
:106A8000FCE700BF00ED00E01F4A1368984270B5B4
:106A90001DD21E490C254FF0B04468430D182368E1
:106AA0006E68AD6823F0F0033343236004F580443F
:106AB000236823F007032B4323600B581360FFF771
:106AC000C1FFF8B15F23124A0021FEF703FD19D977
:106AD0000E49104C0C2568430D182368AE686D688C
:106AE00023F00703334323604FF0B044236823F0BF
:106AF000F0032B4323600B581360FFF7A3FF08B18B
:106B00005023E0E770BD00BF4C010020CCFA010823
:106B1000AA0A02080040005838B50446C0680D466D
:106B200098B1FDF715FFA36823441B7C2B70A36865
:106B300022680133B3FBF2F102FB1133A360E36877
:106B4000013BE360FDF705FF012038BD0138032854
:106B500017D8DFE800F002090D110B4B1B681A690A
:106B60000A601A6200207047074B1B685A69F7E7F2
:106B7000054B1B689A69F3E7034B1B68DB690B60E5
:106B8000F0E70520704700BF5029002008B1FEF74C
:106B9000C9BE704770B5344C24212046FDF7C6FBB2
:106BA000636A834218BF60624FF014012F4814BF1C
:106BB00001250025FDF7BAFBE36B834218BFE063B4
:106BC0004FF0E0012A4818BF45F00205FDF7AEFB83
:106BD000D4F82031834218BFC4F820014FF0BC0123
:106BE000244818BF45F00405FDF7A0FBD4F8E031B8
:106BF000834218BFC4F8E0014FF010011E4818BFCF
:106C000045F00805FDF792FBD4F8F431834218BF34
:106C1000C4F8F4014FF45F71184818BF45F010052F
:106C2000FDF784FBD4F87435834218BFC4F87405AB
:106C30004FF01401124818BF45F02005FDF776FB10
:106C4000D4F88C3583420F4B18BFC4F88C05D3F8A9
:106C5000483318BF45F040052BB1DB681BB128460F
:106C6000BDE87040184770BD082F0020302F00206D
:106C7000482F00202C300020EC3000200031002074
:106C800080340020E8290020264BD3F8082110B5D5
:106C9000002A43D093F80C11162941D993F80D110D
:106CA0001170D3F8081103F5877001F1080210F88C
:106CB000014B02F801499142F9D1D3F808211A4851
:106CC00002F11101093210F8014B01F8014D8A421D
:106CD000F9D1D3F80821B3F81E115174B3F81E216D
:106CE000D3F80811120A8A74D3F80821D3F82011B6
:106CF000D174D3F82021D3F80811120A0A75D3F8F9
:106D00000821B3F822115175D3F8082193F8231103
:106D10009175172283F80C21002010BD0120FCE79B
:106D20000220FAE7E8290020FE2A002038B5444C6A
:106D3000D4F8081100297ED094F8143194F8302149
:106D400003F00F03002A74D1083394F80C010432C5
:106D50001344984271D394F80D310B70D4F8083174
:106D6000D4F810215A70D4F81031D4F808213549DC
:106D70001B0A9370D4F80831B4F81221DA70D4F8F1
:106D8000083194F813211A71D4F8083194F81421B9
:106D90005A71D4F80831B4F816219A71B4F8163142
:106DA000D4F808211B0AD37194F81421D4F80801EF
:106DB00002F00F020830FCF78DFB94F8143194F8C0
:106DC000302103F00F0303F1080532B1D4F8082194
:106DD00094F82811515503F10905D4F8080194F8E5
:106DE0003021D4F82C112844FCF774FB94F830318E
:106DF000D4F80821D4F834112B44D1545A1CD4F8B7
:106E00003411D4F8080192B2090A81549A1CD4F8BA
:106E10000811B4F8360192B28854DA1CD4F808117B
:106E200094F8370192B20433885484F80C3100206E
:106E300038BD093389E70120FAE70220F8E700BFEF
:106E4000E8290020002B00202DE9F3410023CDE9A3
:106E500000330E46074618B9032002B0BDE8F081A2
:106E60000C78DFF86C806308E00737F813204FF0E8
:106E7000000354BFD2B2120A1D4642FA03F1C907F9
:106E800006D505F108016944013501F8083CEDB269
:106E90000133082BF1D16DB1691E0020FAF74AFECB
:106EA00000F108030DEB030010F8083C03EBC403EA
:106EB00088F81F340134E4B2082C28BF00241DB91F
:106EC0003378A342CFD1C7E734700020C5E700BFB5
:106ED000E82900202DE9F04F91B0064640680C915A
:106EE000CDE90323F3F7AFFC3368964A1B1AC2F8C7
:106EF0009834049A01231370039A00231370736863
:106F00001BB133689842C0F074818F4B00271F6318
:106F1000F369D6F80CA0DC6893F800B0337A0093DC
:106F2000337D0893B3690993B6F91030757A0193EC
:106F3000F3F782FC854A0A90AAF5F633303BB3FB9F
:106F4000F2F35343059303F5F633303302931823DA
:106F500013FB05430B93BDF8043006935B421BB251
:106F60004FF0FF3907930B9BA34221D1002FDFF88D
:106F7000D4C1F2694FF0000308BF4FF0FF39CCF8DD
:106F800098941E461F46108A1901C9B2884200F221
:106F9000EB80039B1F70049B1E70039B1B78002BD0
:106FA00000F027810020CCF8980411B0BDE8F08FE4
:106FB00001995046FEF7ECFCB4F80080BBF1000FDD
:106FC00078D1BAF5616F73D349F6AF2242F21073EC
:106FD000924598BF4FF47A73984538BF9846B8F1F8
:106FE000640F72D15A4BA060A5680F934FF47A7268
:106FF000B5FBF2F2C2EB421102EB8101A5EBC10538
:107000000E92F2F779FA0D90F2F770FA0D990E9A46
:107010000F9BADB20D441044AAB22DB2B5F57A7FE4
:10702000A4BFA2F57A7215B2019AA2EB0505A8BF1A
:1070300001302A04009AAAEB000048BF00F1FF309B
:107040000AB9089A2AB122699A4202D1414A904269
:107050000AD9414AE360924506D902980D9300216E
:10706000FEF796FC0D9BA060606800B9E3602361A9
:10707000BBF1000F04D0F3F7E6FBE3680344E360E1
:10708000D4E9033293420A9B88BFE2606360099BA4
:10709000E16803FB08F38B4204D30098E0B9BBF12D
:1070A000000F19D001231F442375FFB218345AE78B
:1070B000642391E7009B0BB9254BE360B8F1010F06
:1070C000234B38BF4FF00108CEE7B8F57A7F0ABFEF
:1070D000224B234BA06087E700209342207506D205
:1070E0005B1A994507F1010728BF9946FFB2BBF12A
:1070F000000FDBD1B8F1640F1A4B1FD049F6B02056
:10710000B8F57A7F18BF18469A4588BF059B07993E
:1071100082BF03F5A83303F5C073C01800290B46DE
:10712000B8BF069BA0EB0A00BEBFC3F57A7100F1A1
:10713000FF3009B2FEF72CFC8146B7E74FF46160DF
:10714000E2E700BFE8290020082F0020805101005D
:1071500040771B007F5101002FEC010080A8120135
:10716000002E930230EC010001EB41044FEA43088A
:10717000A4000020556835F808500541ED0727D5D3
:10718000956805EB04092D5915B3157835B955697E
:1071900025B135F808500541ED0719D599F8085083
:1071A00092F901A045F3030E4FFA8EFED6450FDC8F
:1071B00045F303156DB255450ADB99F8095005EB07
:1071C000450ED56805EBCE052D7D4DB90136F6B2DD
:1071D0000130102804F10C04CCD10133DBB2D2E62B
:1071E000DDF830907D1C01EB000E09F807E0EFB2EE
:1071F000EEE7049B1B78002B0CBF0C200B20D4E681
:1072000070B51C4EFEF7B4FB3378012B04464FF0EB
:1072100000052DD0012333707560FEF755FB28BBA8
:10722000154D6B6923F47E7343EAC40343F4803342
:1072300043F002036B61FEF747FB6A6922F47E723A
:1072400022F002026A6100282A682A6814BF2346D5
:107250004FF0FF330022327020B10849224604204B
:10726000F3F7AEFBBDE87040FEF778BB2B46F1E7C5
:107270002B46F2E7E836002000400058EF200208D5
:107280003228024603D903490420F3F799BB4D3055
:10729000FFF7B6BF1C2102084C20FFF7B1BF1FB596
:1072A000044610220021684604F0A8FE012C08BF05
:1072B00020234FF004024FF00001684608BF8DF80C
:1072C0000030F4F7FFFD002818BF0E2004B010BDF9
:1072D0002DE9F0410C468AB0092800F24083DFE82E
:1072E00010F00A0069009E00EA006301B201010289
:1072F00043029102F102F9F7FDFF0546002840F034
:107300002E83E37C676853B9924A2378126803EBB3
:107310004303990002EB83035F6807B9575894F958
:1073200001608D4B384613F90680FDF7C3FDA37C41
:1073300022890993072E2AD10023CDE90223874A07
:1073400006930520CDE90733CDE9002001214FF454
:107350007A72CDE9043102FB08F24CF25031184642
:10736000FDF7E2FD637C1BB37D4B995D0D31C9B226
:107370002846FAF77DF832463946E07CFBF784FD73
:10738000784B83F8286401200AB0BDE8F081002121
:1073900001250823CDE90013CDE90715CDE9051135
:1073A000CDE903110292A1782B4642462846D7E741
:1073B0006D4BDAE7F9F79EFF002840F0D082E37CBE
:1073C000676833B92378694A694F03F0070302FB02
:1073D0000377684B94F90160384613F90680FDF78E
:1073E00069FDA37C099300250123CDE90753CDE96D
:1073F0000555CDE90355228902920822CDE90052B4
:107400001846A1784246FDF78FFD637C2BB15A4B9D
:10741000995D0D31C9B20120ABE7584BF8E7F9F798
:1074200069FF002840F09B82237D94F90160002BC6
:1074300038D0E37C65684BBB514B2078DB699847BB
:107440000546504B28469F57FDF734FDA37C099312
:1074500000210123CDE90713CDE90511CDE9031181
:10746000228902920822CDE900121846A1783A46F4
:10747000FDF75AFD637CE3B1434B995D0D31C9B211
:107480000120F9F7F5FF3246294676E7012BD8D1DE
:107490003E4B3B4A1B68126A93F87A1393F87903C0
:1074A0009047CDE722783A4B0C2101FB02335D680F
:1074B000C7E7384BE1E7F9F71DFF0546002840F024
:1074C0004E82E37C676853B9334A2378126803EB32
:1074D0004303990002EB83035F6807B9575894F997
:1074E00001602E4B384613F90680FDF7E3FCA37CC0
:1074F00022890993072E19D100230121CDE9022306
:10750000164A0693CDE90431CDE907330521CDE9CB
:1075100000214FF47A7202FB08F24CF25031184607
:10752000FDF702FD637C93B11D4B1EE70021012591
:107530000823CDE90013CDE90715CDE90511CDE903
:1075400003110292A1782B4642462846E8E7154BE4
:107550000BE700BF240D002058F00108854501000D
:1075600014FA0108E829002024FA0108C0270900BC
:10757000A0700837A0F00108EAF9010806FA01082E
:10758000780D002058F00108CCF901089C0D00206E
:1075900000000020D4F90108340D002058F0010843
:1075A0002CFA010834FA0108F9F7A4FE0546002870
:1075B00040F0D581E37C676853B9AB4A2378126801
:1075C00003EB4303990002EB83035F6807B9575845
:1075D00094F90160A54B384613F90680FDF76AFC63
:1075E000A37C22890993072E1AD10023CDE9022317
:1075F0009F4A06934FF0050ECDE907330121CDE9EF
:10760000002E4FF47A72CDE9043102FB08F24CF2FD
:1076100050311846FDF788FC637C93B1954BA4E686
:10762000002101250823CDE90013CDE90715CDE997
:107630000511CDE903110292A1782B464246284656
:10764000E8E78D4B91E6F9F755FE0546002840F036
:107650008681E37C676853B9884A2378126803EB14
:107660004303990002EB83035F6807B9575894F905
:107670000160834B384613F90680FDF71BFCA37CA1
:1076800022890993072E1AD10023CDE90223784AD3
:1076900006934FF0050CCDE907330121CDE9002C0D
:1076A0004FF47A72CDE9043102FB08F24CF250310A
:1076B0001846FDF739FC637C93B1724B55E6002107
:1076C00001250823CDE90013CDE90715CDE9051102
:1076D000CDE903110292A1782B4642462846E8E7FD
:1076E000694B42E6F9F706FE002840F03881E37C5A
:1076F000666853B9654A2378126803EB430399001F
:1077000002EB83035E6806B95658614B94F9015049
:1077100030465F57FDF7CEFBA37C09930021012380
:10772000CDE90713CDE90511CDE9031122890292B4
:107730000822CDE900121846A1783A46FDF7F4FB7D
:10774000637C7BB1534B595D0D31C9B20120F9F710
:107750008FFEE07C2A463146FBF796FB4E4B83F8C2
:10776000285410E64D4BEEE7F9F7C4FD0546002816
:1077700040F0F580E37C676853B9494A2378126882
:1077800003EB4303990002EB83035F6807B9575883
:1077900094F90160434B384613F90680FDF78AFBE4
:1077A000A37C22890993072E19D10023CDE9022356
:1077B0002F4A06930520CDE90733CDE900200121AA
:1077C0004FF47A72CDE9043102FB08F24CF25031E9
:1077D0001846FDF7A9FB637C93B1334BC5E5002147
:1077E00001250823CDE90013CDE90715CDE90511E1
:1077F000CDE903110292A1782B4642462846E8E7DC
:107800002A4BB2E5F9F776FD002840F0A880E37C2A
:10781000676833B92378264A264F03F0070302FB33
:107820000377254B94F90160384613F90680FDF77C
:1078300041FBA37C099300250123CDE90753CDE942
:107840000555CDE90355228902920822CDE900525F
:107850001846A1784246FDF767FB637C0BB1174BD6
:10786000D6E5174BD4E500BF3C0D002058F00108C9
:10787000854501002CFA010834FA0108440D002066
:1078800058F001082CFA010834FA01084C0D0020C8
:10789000E8F001083CFA0108E829002042FA010852
:1078A000540D002058F001082CFA010834FA0108A0
:1078B000C0270900A070083730F1010848FA010814
:1078C00058FA0108F9F716FD0546002847D1E37C70
:1078D000676853B9234A2378126803EB430399007E
:1078E00002EB83035F6807B9575894F901601E4B98
:1078F000384613F90680FDF7DDFAA37C2289099347
:10790000072E19D100230121CDE90223174A06933E
:10791000CDE90431CDE907330521CDE900214FF44C
:107920007A7202FB08F24CF250311846FDF7FCFA6D
:10793000637C93B10E4B18E5002101250823CDE9A6
:107940000013CDE90715CDE90511CDE90311029228
:10795000A1782B4642462846E8E7064B05E500207D
:1079600012E500BF600D002058F0010885450100B8
:107970002CFA010834FA0108F7B5194E96F8803050
:107980001B0707460C46154628D5F2F7FBFF3B467A
:10799000144A00958021304606F052FE011EACBF0D
:1079A00030461148114F0E4EB8BF1D21F2F7E2FFCD
:1079B0002544AC4206D10E48022103B0BDE8F04098
:1079C000F2F7D8BF14F8013B3A468021304606F062
:1079D00037FE03213046F2F7CDFFEAE703B0F0BDF2
:1079E0009C0600203721020884F501083F21020887
:1079F000050B0208F0B54B1E00F1100210F8014B08
:107A000003F8014F9042F9D10A23184E81F8F03063
:107A10001025012715F00F0F0B7B4C7B887BCA7B51
:107A20000FD116F804C0345CB05CF25CFB0903EBC8
:107A3000430303EBC30387EA0C0C83EA4703DFB27B
:107A4000634691F800C083EA0C030B744B785C40EA
:107A50008B784C745840CB78887404355A40B02DDC
:107A6000CA7401F10401D5D1F0BD00BF6EF4010864
:107A700070B50025044605604FF0FF300E46F1F763
:107A8000FFFCA560C4E903656060656170BD2DE918
:107A9000F041C8B00C464E9E17461D468046002851
:107AA0003ED0B1F5807F3DD84FF48872002104A804
:107AB000FCF744FB492304934FF48073ADF8143072
:107AC0002B0CADF816508DF818302D0E330CADF888
:107AD0001A60360E22468DF819508DF81D608DF80B
:107AE0001F400026414608A803AD10348DF81C3015
:107AF0008DF81E60FBF7EEFC00953B46A2B204A990
:107B000030460396F4F7A2F830B9039B4F9A9A4295
:107B100004D148B0BDE8F081012805D10120F8E783
:107B20000920F6E70D20F4E70E20F2E7114A92F85B
:107B30002C30012B1CD0022382F82D300E4BCA2191
:107B4000596253215962996921F488519961596C9C
:107B500021F000415964116B21F001011163FF20F4
:107B60000121D9655862002382F82D1082F82C304B
:107B7000704700BFA8260020002800402DE9F843E8
:107B800003786F4D242B04460DD14022002105F1CE
:107B9000700004F033FA237885F87130012385F8FA
:107BA0007E30BDE8F8832C2B12D1FDF7C7FF95F886
:107BB00081302278534085F88130002385F87E306B
:107BC00085F8713095F87F30013385F87F30E8E72C
:107BD0002A2B05D1FDF7B2FF012385F88030ECE7B1
:107BE0000D2B40F0928095F87130A3F13002D2B2A3
:107BF000092A18D8120153B295F87220A2F1300167
:107C0000092920D802F00F02134395F88120DBB236
:107C10009A42C6D195F87030013B032BC1D8DFE8FA
:107C200003F020385257A3F16102192A03D8573BB9
:107C30001B015BB2E0E7A3F14102192A01D8373BEF
:107C4000F6E70023D8E7A2F16101192901D8573AD4
:107C5000D8E7A2F14101192901D8373AD2E7002229
:107C6000D2E7D5E92423D5E92689D5E92867D5E9DE
:107C70002201C5E9022395F8ACC0D5F8A8302B62E3
:107C8000C5E90001C5E90489C5E9066785F824C08E
:107C900087E7D5E92223C5E90A23D5E92623C5E9E3
:107CA0000E23D5E92423C5E90C23264A95F8A030F4
:107CB00085F84030D5F8A130C5F84130536E536097
:107CC000936E93606DE795F8883085F84D3068E7DE
:107CD000D5E92623C5E9162395F8883085F84E3076
:107CE000D5E92423C5E91423D5E92823C5E91823B8
:107CF00095F8893085F8683095F88A3085F86930CC
:107D000095F88B3085F86A304BE795F8802022B9DA
:107D100095F88120534085F8813095F87E300B2B03
:107D20003FF63FAFEA180133DBB205EB03082178D9
:107D300085F87E30002382F8711088F8713030E7C2
:107D4000D82100201922002030B5194A92F82C3091
:107D5000012B2BD0012382F82C30022382F82D3006
:107D6000144B154CCA21596253215962996921F467
:107D7000884199612568D96811F004010AD004216D
:107D8000D965FF215962012382F82D30002382F842
:107D90002C300BE02068401BB0F57A7FEBD9FF2038
:107DA0005862032382F82D3082F82C1030BD00BFBA
:107DB000A826002000280040A02600200E4B0F49D6
:107DC0001B681822534382B01B0D64225343019356
:107DD0004B69019AC3F3800322B9094B02229A60CE
:107DE00002B07047019A013A01924A699207F7D5A9
:107DF000002BEDD1F4E700BF4C0100200004005837
:107E0000000D002007B50C4B1B79012B0FD10B4B3C
:107E10001B68182253431B0C0193FEF785F8019B46
:107E2000013B0193019B002BF9D1FEF773F803B0DE
:107E30005DF804EBFFF7C2BF000D00204C010020ED
:107E400017490B681C22534382B06422DB0C534356
:107E5000144A0193019BA3B9134B01229A60114A62
:107E600010730B681C214B43DB0C64214B430193C3
:107E7000019B6BB90C4B01229A600A4BDB6802B084
:107E80007047019B013B019393689B07E2D5E6E7AE
:107E9000019B013B01939368DB07E9D5EDE700BF48
:107EA0004C01002000000158000D002018490B680B
:107EB0001C22534382B06422DB0C5343154A0193C6
:107EC000019BB3B9144B01229A60124AFF2313732A
:107ED0000B681C214B43DB0C64214B430193019B3A
:107EE00073B90D4B01229A600A4BDB68037002B034
:107EF0007047019B013B019393689B07E0D5E4E742
:107F0000019B013B01939368DB07E8D5ECE700BFD9
:107F10004C01002000000158000D0020F8B5174D5D
:107F2000AB79012B164607460C46DAB21FD16B79A6
:107F3000012B1CD01D206A71FFF764FFFDF7F4FFD1
:107F4000FFF77EFF380AFFF77BFFF8B2FFF778FFF5
:107F50000020FFF775FF2644A64209D1FDF7DAFF9E
:107F6000FFF72CFFAB680123AB7100236B71F8BDE9
:107F70002046FFF79BFF0134EEE700BF000D002015
:107F8000F8B5164DAB79012B164607460C46DAB20A
:107F90001ED16B79012B1BD002230D206A71AB71AE
:107FA000FFF730FFFDF7C0FFFFF74AFF380AFFF782
:107FB00047FFF8B2FFF744FF2644B44209D1FDF76A
:107FC000A9FFFFF7FBFEAB680123AB7100236B71C8
:107FD000F8BD14F8010BFFF733FFEEE7000D0020AA
:107FE000F8B5164DAB79012B164607460C46DAB2AA
:107FF0001ED16B79012B1BD06A71FFF703FF00F0D4
:10800000EF03A3F18402534253412B71FDF78CFF20
:10801000FFF716FF2644B4420BD1FDF77BFF842FF8
:1080200001D0FFF7CBFEAB680123AB7100236B716E
:10803000F8BD14F8010BFFF703FFECE7000D00207B
:1080400070B5124DAB79012B16460C46DAB21CD135
:108050006B79012B19D06A71FFF7D4FEFDF764FF2D
:10806000FFF7EEFE0020FFF7EBFE2644204601342A
:10807000FFF71CFFB442F9D1FDF74CFFFFF79EFE5E
:10808000AB680123AB7100236B7170BD000D002044
:1080900013B50023022201A91220ADF80430FFF726
:1080A000CFFFBDF804305BBADA079CB203D5204B92
:1080B00001201B689847A30703D51D4B02201B68AE
:1080C0009847600703D51A4B04201B68984721077F
:1080D00003D5174B08201B689847E20603D5144BBD
:1080E00010201B689847A30603D5114B20201B685E
:1080F0009847600603D50E4B40201B689847210621
:1081000007D50B4BE2051B684CBF4FF480708020F5
:108110009847A30504D5064B4FF400701B68984799
:10812000022201A91046FFF75BFF02B010BD00BF9D
:10813000543600202DE9F0470E460F6897FAA7F550
:108140004FF0010AB5FA85F54FF0030837FA05F349
:1081500001D1BDE8F0870AFA05F43C4057D0D6F8C3
:10816000049021464A46FDF72CFC09F1FF33012B10
:108170001BD8B368816894FAA4F2B2FA82F24FF085
:10818000030C52000CFA02F221EA020194FAA4F262
:10819000B2FA82F2520093400B4383604268F36864
:1081A00022EA04026343134343603369C16894FACB
:1081B000A4F2B2FA82F2520008FA02F221EA0201B3
:1081C00094FAA4F2B2FA82F2520093400B43B9F14E
:1081D000020FC36017D1FF2C72691AD8016A94FA92
:1081E000A4F3B3FA83F34FF00F0C9B000CFA03F3E4
:1081F00021EA030194FAA4F3B3FA83F39B0002FA91
:1082000003F30B4303624A462146FDF7DAFB0135CF
:108210009CE7416A230A93FAA3FCBCFA8CFC4FF05A
:108220000F0E4FEA8C0C0EFA0CFC21EA0C0193FAAB
:10823000A3F3B3FA83F39B009A400A434262E2E756
:108240002DE9F04FB24FB34C8BB04FF40043BB61FC
:1082500000230093A66D2568002E56D1AE4B9D429B
:108260004FD14FF0B04302201A6E42F400721A66EA
:108270001B6E03F400730193019B3146FDF702FE70
:10828000102206A803F0BAFE4FF4005C0323384620
:1082900004A9CDE904C3FFF74DFFA048A04B066237
:1082A0000527C0E900374FF0800E4FF48073C0E916
:1082B00004E34FF40063C0E906369A4B4FF004081C
:1082C000C0E91038C0E90266022280F82520DA6988
:1082D0006FF30E12DA61DA6942F41862DA61FDF7BF
:1082E00097FA836C1F60D0E913325A60C0E91566B3
:1082F0000123C663C66580F8253080F824602065B8
:1083000084620023E36584F85430AB68D80040F100
:10831000AA80AB68D90000F1BD80A36D43F01003C3
:10832000A365E36D43F00103E3650127AB68A16D2D
:1083300003F0040301F010011943A36D40F0E48041
:1083400023F4817343F00203A365AB682669DA075F
:1083500061D4236BA07E94F82CE0003B18BF01236E
:108360004FEA033CD4E902231343227E43EA8233DB
:10837000627E43EAC23343EA4033002E43EA4E03AF
:10838000B4BF26F000424FF4001243EA0C0313433B
:1083900094F82020012A03D100287DD143F48033B2
:1083A000626A22B1A06A02F4E07202431343EA68EF
:1083B00022F4FE3222F4FF721A43EA606268E36C30
:1083C00002F0404E4EEA030C94F83C30012B0AD1E7
:1083D000D4E910300343A06C43EA0C03034343EA9F
:1083E0000E0343F0010C28694F4B034043EA0C0392
:1083F0002B6122F00043B3F1804F0CD0B2F1004F5B
:1084000009D04A48D0F8083702F4701223F47013E8
:108410001343C0F808376B69606BA26B23F0070346
:1084200003436B616B6923F0700343EA02136B61D2
:10843000002E3AD1AB6A63F00F03AB626B6903F0B5
:108440000703984255D10023E365A36D23F003038E
:1084500043F00103A365002F70D0354A4623002165
:108460000120FDF737F8AB68324A23F0104323F0C0
:10847000170343F08053AB602F4B1B68B3FBF2F341
:1084800001335B000093009B002B3FF442AF009B45
:10849000013BF7E7002749E7A26D42F02002A26501
:1084A000E26D42F00102E2657AE7B6F5001FC5D140
:1084B000D4F860C00CF00F030F2B13D1AB6AE36943
:1084C000013B9B0003F01C036FF00F0202FA03F361
:1084D00043EA0C03B1E78B002CFA03F303F00F031C
:1084E0000F2B03D001310829F5D1E7E70129A1D0ED
:1084F000E4E7A36D23F0120343F01003A365E36DDB
:1085000043F00103E365A8E743F01003A365A4E784
:10851000000400481402002000240140003700201D
:108520001C0002400000024002FCFF1F002001402E
:1085300045210208400D03004C01002094F85430FE
:108540000297012B00F0A080012084F85400AB6852
:108550005B077ED426F00406B6F1004F40F083801E
:10856000AB6A43F00103AB626B69002123F48073B3
:1085700001206B61039184F85400AB685F0700F140
:108580008580B6F1004F40F08A80AB6A43F4005317
:10859000AB626B696F4E23F400136B61D6F808373A
:1085A0005D020AD4D6F8082703F0E07322F0E072E7
:1085B000134343F48003C6F808370025DFF8988199
:1085C00084F8545002274FF0000388F800302368E5
:1085D0009A68500700F1688194F85420012A00F04D
:1085E0006381012284F85420DA68D1070ED49A6896
:1085F000D20707D59A6822F0004222F0170242F013
:1086000002029A60DA6842F00102DA6004959A6820
:10861000D0075BD5A26D514922F4706222F00102AD
:1086200042F48072A265226DE565D1624C49116306
:108630004C4951631C21196084F85450596841F029
:108640001001596092F82410012940F09B8002200B
:10865000ECE0A36D84F8547043F02003A36551232C
:10866000414A0021FDE6236E23F00F0390FAA0F0AB
:10867000B0FA80F01843E3692066002B3FF474AF32
:10868000AB6A23F00F036EE70220E8E7A36D364ADA
:1086900084F8541043F02003A3655923E1E6236EC8
:1086A000324A23F0F00392FAA2F2B2FA82F243EADB
:1086B00002132366E369012B7FF66BAFAB6A23F0ED
:1086C000F00343F0D00363E701277CE79A68284969
:1086D0000A420AD0A36D43F01003A365E36D43F093
:1086E0000103E36501209923BAE79A6822F000426A
:1086F00022F0170242F001029A60D6F80827110210
:108700001BD4627E012A85D01A49DFF86CC0086844
:108710001A68D2073FF57EAF9A68D2075FBF9A68A2
:1087200002EA0C0242F001029A600A68121A022A56
:10873000EED91A68D207EBD4CCE7104A1049126878
:10874000B2FBF1F201320492049A002AD9D0049AC1
:10875000013AF8E7002001406837002089570108F6
:10876000F9570108FB57010845210208002000B411
:1087700017000080A0260020E8FFFF7F4C010020AA
:10878000400D030092F825100120814282F8240058
:1087900040F085801068D2F854E0022182F825105C
:1087A000D563016821F001010160D2E9131CC1F811
:1087B00004C0BEF1000F03D0D2E9161CC1F804C0FA
:1087C000516CD2F840C0DFF8B09201F01C014FF0BC
:1087D000010B0BFA01F1CCF8041002214160916801
:1087E000926C102903F1400A0BBFC0F80890C0F842
:1087F00008A0C0F80CA0C0F80C90016841F00E0170
:1088000001601168C90342BF116841F480711160B1
:10881000BEF1000F05D0DEF8002042F48072CEF8E1
:108820000020026842F00102026000209A6822F0F3
:10883000004222F0170242F004029A6000287FF4FE
:1088400052AF42F2107398F800204AB9013BFAD1B6
:10885000894B8A4901220420C3E90022F2F7B0F8CB
:10886000012F7FF431AF864B4FF400429A62A36D23
:1088700043F00203A36523689A6812F0040F814A4B
:1088800014D199689868C50700F1BE800122A265DD
:108890009A6822F0104222F017029A6025E08021A7
:1088A000D16382F82450C1E702201CE79968880749
:1088B00007D4996821F0004121F0170141F010011F
:1088C00099607148056899684F07DAD50168491BB6
:1088D0000229F8D999684907F5D5916D41F0100141
:1088E0009165D16D41F00101D1655A68206D22F486
:1088F000677222F003025A6040F29F321A60D96810
:10890000624A0A40DA601A6922F040421A615A69E2
:1089100022F007025A611A6A02F0F0221A629A6A79
:1089200000229A62D6F8083723F0FE73C6F808379B
:10893000E2652266A26584F854204FF0B042136EBF
:1089400023F400731366002839D00268136823F0FB
:10895000010313604E4B9A424FF0140100F28580E0
:108960004C4B1344B3FBF1F34B499B00C0E910138C
:10897000012403F01C0304FA03F3002515604B6087
:10898000FCF746FF836C41681D60D0E913325A60E2
:108990004A1E032A06D8414B0B449B0094401D609D
:1089A0003F4B5C640023C0E91533C0E90B33C0E9D9
:1089B0000D33C363C36580F8253080F82430394B0C
:1089C000394DB3F8AA0040F6E44358432A4B5A689D
:1089D0001B68B0FBF2F05843000B8000F0F7C2FABE
:1089E0003249F0F717FB04462868F0F7BBFA304924
:1089F000F0F710FB01462046F0F704FAF0F780FC90
:108A000028600BB0BDE8F08F89073FF53FAF99684C
:108A100001F0050101291FD199681B4821F000418F
:108A200021F0170141F002019960032119600568E6
:108A30009968C9077FF52AAF0168491B0229F7D950
:108A40009968CF07F4D5916D41F010019165D16D12
:108A500041F00101D1651BE7A26D42F01002A26551
:108A6000E26D42F00102E26512E7124B1344B3FBE0
:108A7000F1F311499B0079E7603700208421020857
:108A80000004004814020020A026002000023E83BB
:108A900007040240F8FFFDBF000002403F820010C3
:108AA000000902400075FF1F0C020020CDCCCC3D18
:108AB0006666663FF8FBFDBF0004024002284FF0E7
:108AC00090434FF0100209D003280BD001284FF03B
:108AD000200114BF9A629A61996270479A612022BC
:108AE0009A6170479A62FAE7014608224FF4D8600B
:108AF000FBF7B6BF012810B401460ED9084B186821
:108B00000C234B43C4180022C250C4E9012200F5D3
:108B1000587010BC0822F9F7B1B8002010BC70479B
:108B2000600D0020022810B401460ED9084B1868C9
:108B30000C234B43C4180022C250C4E9012200F5A3
:108B4000587010BC1022F9F799B8002010BC70477B
:108B50004C0D0020022810B401460ED9084B1868AD
:108B60000C234B43C4180022C250C4E9012200F573
:108B7000587010BC1022F9F781B8002010BC704763
:108B8000540D0020022810B401460ED9084B186875
:108B90000C234B43C4180022C250C4E9012200F543
:108BA000587010BC1022F9F769B8002010BC70474B
:108BB000440D0020022810B401460ED9084B186855
:108BC0000C234B43C4180022C250C4E9012200F513
:108BD000587010BC1022F9F751B8002010BC704733
:108BE0003C0D002030B50488BAB9B3F5616F12D3DB
:108BF00049F6AF2542F21072AB4298BF4FF47A7239
:108C0000944238BF1446C36861438B428CBF5B1AE1
:108C10000023C36030BD6422F2E7012C38BF012479
:108C2000F1E70000022810B401460ED9084B18687D
:108C30000C234B43C4180022C250C4E9012200F5A2
:108C4000587010BC1022F9F719B8002010BC7047FA
:108C5000340D0020012810B401460ED9084B1868C5
:108C60000C234B43C4180022C250C4E9012200F572
:108C7000587010BC1022F9F701B8002010BC7047E2
:108C8000240D002070B50B4D95F82060042E10D8EF
:108C9000AC68E37005F11C039C4220706170A27007
:108CA00006F1010614BF043405F10C0485F82060B8
:108CB000AC6070BD2027002030B50B4B93F820200E
:108CC0000446084672B100211C330578A54208D03D
:108CD00001319842CDB214BF04301038AA42F4D802
:108CE000002030BD1046FCE72027002010B408B358
:108CF000114A1368984204D103681360002305E009
:108D00000B46002BFAD019688842F9D15168884285
:108D100008BF53600BB101681960D2F8083284684B
:108D2000013B1B1B0021016010BCC2F8083210225D
:108D3000FBF704BA10BC70474427002038B5084B35
:108D4000084C186800B938BD03790568112B05D89F
:108D500024FA03F3DB0701D5FFF7C8FF2846F1E744
:108D600044270020200702000E4B93F89524920719
:108D700003D593F89324012A08D90B4991F80621C9
:108D800022B18A6A501C18BF01328A620022A3F8FD
:108D90001C2483F81E24D3F8402322F00202C3F8D7
:108DA00040237047E8290020082F002030B58BB001
:108DB0000446F3F7B7F8054648BBF3F79FF80128D8
:108DC00025D101A88DF80450F9F766FFF8B99DF890
:108DD0000830A3421BD074B1022C18D1BBB901A832
:108DE0008DF80840FBF7BAFA88B90A4B1B681B6B71
:108DF0006BB120460AE053B101A88DF80840FBF79B
:108E0000ADFA20B9034B1B681B6B03B198470BB03D
:108E100030BD00BF9C3400202DE9F04392F8F06093
:108E200085B00D461446BEB101466846F2F7ADFD69
:108E300004F1100800270137FBB29E42C14608F139
:108E400010080CD8684604EB0614F2F7E1FD224640
:108E500069462846F2F799FD05B0BDE8F0836846FB
:108E6000F2F70AFE49466846F2F74EFDE3E770B5B1
:108E700086688E422CD9D0E90345D0E9003003FB47
:108E8000040086421FBF0133B5FBF4F0B3FBF0F6DC
:108E900000FB163314BF634300231944B1FBF5F301
:108EA00005FB1311B1FBF4F004FB10135B0103EBA2
:108EB000C02303F1006303F51A3303F120051C46B8
:108EC00003CCAC4210605160234602F10802F6D197
:108ED00070BD00002DE9F0411E4E35680446E5B92D
:108EE000637AC3B9EFF3108772B6F0F7C7FA4FF49D
:108EF000807323813368D4F8048080452CBFC4F884
:108F000000802060A57263B9F0F790FA2046F1F76F
:108F1000F5FC87F31088BDE8F081AC42FBD06D69A9
:108F2000DDE7F0F793FA23681844336820601A6885
:108F30009042EBD35A69596911B95C616161E8E704
:108F40001168884202D913465269F4E75C61626194
:108F5000DFE700BFE42600202DE9F8432A4B2B4E23
:108F60005D6D326B1540EA0719D50122DA65EFF322
:108F7000108772B6F0F764FADFF894800446F0F7D1
:108F800055FAD8F80030A3B94FF00009D8F80030EE
:108F9000DBB9D8F8000000282FD187F31088AB0781
:108FA00042BF194B0222DA65012386F82D30BDE855
:108FB000F883011B241A1A68914234BF1219002247
:108FC0001A605B69002BF6D1DEE71C681CB1F0F774
:108FD0003DFA8442DDD2D8F800406369C8F8003019
:108FE000A4F80890D4E9033098476389B3F5807FEB
:108FF000CCD12046FFF76EFFC8E7037A002BCCD117
:10900000F1F766FCC9E700BF00280040A826002051
:10901000E426002070B5EFF3108672B60F4D2B6872
:109020000122827253B10022427298425C690CD1D3
:10903000027234B120462C60F1F74AFC86F31088A6
:1090400070BDF0F7D9FC2C60F8E71A465B69002B7D
:10905000F4D09842F9D143695361EFE7E426002048
:1090600070B50C4E0C46FFF7D5FFF8F7F3F996F8FC
:1090700040002146FEF72CF950B1074DF06C95F8F1
:10908000283485F86E34FBF783FEE37C85F894344E
:1090900070BD00BF082F0020E829002010B504464D
:1090A0000846F0F7EDF9084B60601B6803B910BD86
:1090B0009C4201D05B69F9E72046FFF7ABFF2046F1
:1090C000BDE81040FFF706BFE42600202DE9F04F71
:1090D000A1B00024012B0646079109928DF82B4080
:1090E000ADF82C4003D8A346079B9B4502D321B083
:1090F000BDE8F08F16F80B30023BDAB2112A9CBFA4
:1091000093498A5C079988BF00225A448A42EEDC60
:109110000BF10105EDB2112BE9D801A252F823F0B1
:10912000699101089B910108B79E0108E59E01081D
:1091300033A001085BA00108BBA10108E7A1010859
:109140004BA20108EF900108EF90010851A301081C
:10915000EF900108EF90010851A4010869A40108EB
:109160007FA4010899A401080420F8F723FC90B11A
:1091700004210020F8F7F2FB725D764B0BF103053A
:109180000BF1020B5FFA8BFB83F8602416F80B20BF
:1091900083F86124EDB2AB46A6E7002C40F084864C
:1091A000A246A14627466B1EF31802936A4B93F81A
:1091B0000621019293F87420089293F939200392C2
:1091C00093F93820049293F86020D3F8183114935F
:1091D000019B0592CBB1079B01335B1B5FFA83FBBD
:1091E0005D4B93F84030069306990023092900F25D
:1091F0003186DFE811F00D00B500CF016A02FC02F4
:109200007A03F2036704F604BB054FF0050BE7E7AA
:10921000069C1193ADF84830ADF8303007274FF079
:1092200001085C4506D2029B11A91819F8F74EFDFA
:1092300000284FD102238DF83C300FA8089B8DF8F1
:109240003E30F8F7ABFE019B8DF865309DF8453058
:109250008DF866309DF846308DF867309DF84430C3
:109260008DF86830039B8DF86930049B8DF86A3067
:10927000059B8DF86B3010238DF86C300CAB8DF89E
:1092800064701C93354F0D9007238DF87530ADF841
:109290007C30149BD7F800908DF8740018930DF172
:1092A000460211AB0DF1450118A8CDF87890FCF7F6
:1092B000F9FB0728804640F08D840C22002109F537
:1092C0005870FAF73BFF3B68BDF83020A3F86023E5
:1092D00000F080BC9DF84710BDF84820ADF8302064
:1092E0002044C4B2F1B912B31C4B0020D3F800C023
:1092F000072703464FF00C0E06291AD10EFB03F97F
:109300005CF80990B9F1000F04D008FA03F010439B
:1093100082B201200133102BEED1002881D0ADF8AC
:1093200030207EE74B1E042B01D90629DCD006270E
:1093300077E742FA03F919F0010FEBD00EFB03F9BE
:109340005CF80990B9F1000F08BF0627E2E700BFFB
:1093500068FA0108E8290020082F0020240D0020C9
:10936000CDE911330F93ADF840301393864B196854
:10937000062201F5587111A8F8F799FC0024274638
:109380004FF0FF385C4507D2029B0FA91819F8F778
:109390009DFC002840F090809DF93D30052B11AFD9
:1093A00040F3E7804FF0070802238DF834300DA812
:1093B000089B8DF83630F8F7C3FE019B8DF86530B9
:1093C0009DF83D308DF866309DF83E308DF8673061
:1093D0009DF83C308DF86830039B8DF86930049B14
:1093E0008DF86A30059B8DF86B3048238DF86C3012
:1093F0000D238DF87530644B0C90D3F800908DF8E8
:1094000074000E23ADF87C30149B18930DF13E02CE
:109410000FAB0DF13D0118A88DF864801C97CDF8B5
:109420007890FCF73FFB0728804621D10622394679
:1094300009F55870F8F73BFC544BB9F860131B68FA
:109440001A880A401A80B9F862135A880A405A806A
:10945000B9F864139A880A409A80B9F86613DA88D2
:109460000A40DA80B9F868231A81B9F86A235A8168
:109470009DF93D709DF93E909DF83CA08DF82B80A4
:1094800008F00708B8F1070F0ED1414A92F93930B8
:10949000BB42BCBF012382F809313D4B83F83970D0
:1094A00083F8389083F860A04FF005084FF0000B68
:1094B000B4FBF8F800F0E2BC9DF83F30BDF8401076
:1094C0002044062BC4B205D1CDE91188C9B2ADF84C
:1094D0004C1057E7072B02D1CDE91177F6E7052BA2
:1094E00041D14FF0000CC9B260464FF0010A20ABE9
:1094F0000AFA0CF203EB400E11423EF83C3C0CF031
:1095000001091CD092B2B9F1000F0ED143F0FF0354
:109510002EF83C3CBDF84C3013430CF1010CBCF16F
:10952000080FADF84C30E2D12CE763F0FF032EF8C2
:109530003C3CBDF84C3013430130C0B2EDE7D243A0
:1095400092B2B9F1000F07D123F0FF032EF83C3C93
:10955000BDF84C301340E0E7DBB22EF83C3CBDF8E0
:109560004C301340E8E720AA02EB430323F83C1CED
:1095700008E704213846FCF7D5F9012894BF4FF0DD
:1095800006084FF007080FE7700D00206C0D002053
:10959000082F0020DFF8C4821193D8F800100F9331
:1095A0000DF14409C9E90133062201F55871484615
:1095B000ADF84030F8F77BFBDFF8A4A200240727C2
:1095C0005C4506D2029B0FA91819F8F77FFB00280B
:1095D0006AD1A34B11A81978FCF7A4F9002871D01F
:1095E00002238DF834300DA8089B8DF83630F8F73B
:1095F00085FE019B8DF865309DF83D308DF8663015
:109600009DF83E308DF867309DF83C308DF868301D
:10961000039B8DF86930049B8DF86A30059B8DF8AB
:109620006B3060238DF86C3005238DF875308B4BD3
:109630008DF864701F680C900723ADF87C30149B84
:109640008DF8740018930DF13E020FAB0DF13D0142
:1096500018A8CDF870901E97FCF724FA07288046CA
:109660007FF406AF0622494607F55870F8F71FFB4E
:109670007C4B1B68B7F860131A880A401A80B7F849
:1096800062135A880A405A80B7F864139A880A40CD
:109690009A80B7F86613DA880A40DA80B7F8682348
:1096A0001A81B7F86A23E2E62044DAF80C70D8F899
:1096B0000030BDF840209DF83F10C4B211A8B84753
:1096C00007467DE707F0FE078AE71193ADF84830BB
:1096D000ADF83C30002407274FF001085C4506D266
:1096E000029B11A91819F8F7F1FA002842D1019B41
:1096F0008DF865309DF845308DF866309DF8463020
:109700008DF867309DF844308DF86830039B8DF8F4
:109710006930049B8DF86A30059B8DF86B301023FF
:109720008DF86C300FAB8DF864701C934E4F4FF476
:10973000E063ADF87430D7F80090CDF87890052349
:10974000ADF87C30149B18930DF1460211AB0DF16E
:10975000450118A8FCF7A6F90728804640F03A8290
:109760000C22002109F55870FAF7E8FC3B68BDF8B7
:109770003C20ABE59DF84710BDF84820ADF83C20F3
:109780002044C4B2F1B912B3374B0020D3F800C063
:10979000072703464FF00C0E06291AD10EFB03F9DA
:1097A0005CF80990B9F1000F04D008FA03F01043F7
:1097B00082B201200133102BEED100288ED0ADF8FB
:1097C0003C208BE74B1E042B01D90629DCD0062751
:1097D00084E742FA03F919F0010FEBD00EFB03F90D
:1097E0005CF80990B9F1000F08BF0627E2E7119372
:1097F000ADF84830ADF83C30002407274FF00108A1
:109800005C4505D2029B11A91819F8F75FFA78BBDD
:10981000019B8DF865309DF845308DF866309DF8D8
:1098200046308DF867309DF844308DF86830039BE2
:109830008DF86930049B8DF86A30059B8DF86B308C
:1098400010238DF86C300FAB1C934FF4E0638DF850
:109850006470ADF87430054F6DE700BF9C0D0020BB
:10986000780D0020740D0020340D00203C0D0020E8
:109870009DF84710BDF84820ADF83C202044C4B204
:10988000F1B912B3AE4B0020D3F800C0072703464E
:109890004FF00C0E06291AD10EFB03F95CF8099063
:1098A000B9F1000F04D008FA03F0104382B201208E
:1098B0000133102BEED10028A2D0ADF83C209FE759
:1098C0004B1E042B01D90629DCD0062798E742FA63
:1098D00003F919F0010FEBD00EFB03F95CF80990C6
:1098E000B9F1000F08BF0627E2E71193ADF8483041
:1098F000ADF83C30002407274FF001085C4505D245
:10990000029B11A91819F8F7E1F948BB019B8DF8E2
:1099100065309DF845308DF866309DF846308DF8FD
:1099200067309DF844308DF86830039B8DF86930BE
:10993000049B8DF86A30059B8DF86B3010238DF8F1
:109940006C300FAB8DF864701C937E4F4FF4E06366
:10995000ADF87430D7F80090CDF878900723EFE693
:109960009DF84710BDF84820ADF83C202044C4B213
:10997000F1B912B3734B0020D3F800C00727034698
:109980004FF00C0E06291AD10EFB03F95CF8099072
:10999000B9F1000F04D008FA03F0104382B201209D
:1099A0000133102BEED10028A8D0ADF83C20A5E75C
:1099B0004B1E042B01D90629DCD006279EE742FA6C
:1099C00003F919F0010FEBD00EFB03F95CF80990D5
:1099D000B9F1000F08BF0627E2E71193ADF8483050
:1099E000ADF83C30002407274FF001085C4505D254
:1099F000029B11A91819F8F769F920BB019B8DF892
:109A000065309DF845308DF866309DF846308DF80C
:109A100067309DF844308DF86830039B8DF86930CD
:109A2000049B8DF86A30059B8DF86B3010238DF800
:109A30006C300FAB1C934FF4A0638DF86470ADF8DD
:109A40007430414F86E79DF84710BDF84820ADF8C7
:109A50003C202044C4B2F1B912B33B4B0020D3F8F0
:109A600000C0072703464FF00C0E06291AD10EFB43
:109A700003F95CF80990B9F1000F04D008FA03F07B
:109A8000104382B201200133102BEED10028ADD05B
:109A9000ADF83C20AAE74B1E042B01D90629DCD0E7
:109AA000069FA3E742FA03F919F0010FEBD00EFB72
:109AB00003F9DDF818A05CF80990B9F1000F08BFB0
:109AC0005746E0E7DDF818801193ADF84830ADF85F
:109AD0003C30002401275C4505D2029B11A91819CE
:109AE000F8F7F4F8A0BB9DF94530062B70D08DF83F
:109AF0006630039B8DF86930049B8DF86A30059BB6
:109B0000124F8DF86B3010238DF86C300FAB9DF930
:109B100046109DF844200198D7F800901C934FF40C
:109B2000E063ADF874308DF864808DF865008DF8D1
:109B300067108DF86820CDF878900A2300E600BF02
:109B40003C0D0020440D00204C0D0020540D002041
:109B50009DF84710BDF84820ADF83C202044C4B221
:109B6000F9B91AB3BD4BDDF81880D3F800C0002056
:109B700003464FF00C0E06291BD10EFB03F95CF8CF
:109B80000990B9F1000F04D007FA03F0104382B234
:109B900001200133102BEED100289CD0ADF83C20E1
:109BA00099E74B1E042B01D90629DBD04FF006089C
:109BB00091E742FA03F919F0010FEAD00EFB03F91D
:109BC0005CF80990B9F1000F08BF4FF00608E0E714
:109BD00008F0FD089DF945709DF946909DF844A058
:109BE0004CE4CDE911330F93ADF8403013939C4B07
:109BF0001F6807F558730622194611A80693F8F74F
:109C000056F80024A0464FF0FF395C4506D2029B6F
:109C10000FA91819F8F75AF8002842D19DF93D808C
:109C2000B8F1030F40F3998007238DF86430019B4E
:109C30008DF865309DF83E308DF867309DF83C30EA
:109C40008DF86830039B8DF86930049B8DF86A307D
:109C5000059B8DF86B3048238DF86C304FF4806392
:109C6000ADF874300E23ADF87C30149B18930DF1D1
:109C700044090FAB0DF13E020DF13D0118A88DF81E
:109C80006680CDF870901E97FBF70CFF0728804682
:109C90007FF4EEAB069806224946F8F708F8714BB8
:109CA000E7E49DF83F30BDF840102044062BC4B2D5
:109CB00005D1CDE91199C9B2ADF84C10A5E7072B34
:109CC00002D1CDE91188F6E7052B40D14FF0000C09
:109CD000C9B26046012303FA0CF20CEA030A20AB76
:109CE00003EB400E11423EF83C3C1CD092B2BAF15C
:109CF000000F0ED143F0FF032EF83C3CBDF84C3072
:109D000013430CF1010CBCF1080FADF84C30E1D15C
:109D10007BE763F0FF032EF83C3CBDF84C30134367
:109D20000130C0B2EDE7D24392B2BAF1000F07D1D1
:109D300023F0FF032EF83C3CBDF84C301340E0E725
:109D4000DBB22EF83C3CBDF84C301340E8E720AACB
:109D500002EB430323F83C1C57E7042111A8FBF74F
:109D6000E1FD012894BF062307235EE7DFF8F890A2
:109D70001193ADF84830ADF83C30002407274FF080
:109D80000C085C4505D2029B11A91819F7F79EFF34
:109D900020BB019B8DF865309DF845308DF866300D
:109DA0009DF846308DF867309DF844308DF8683066
:109DB000039B8DF86930049B8DF86A30059B8DF804
:109DC0006B3008238DF86C300FAB1C934FF4E063BD
:109DD0008DF86470ADF87430234FBBE52044C4B2F5
:109DE0009DF84700BDF84820ADF83C20E8B90AB31B
:109DF0000021D9F800E00B46072706281CD108FBF4
:109E000003FC5EF80CC0BCF1000F06D0012101FA82
:109E100003FC42EA0C0C1FFA8CF20133082BECD144
:109E20000029AED0ADF83C20ABE7431E042B01D98E
:109E30000628DDD00627A4E742FA03FC1CF0010F38
:109E4000EBD008FB03FC5EF80CC0BCF1000F08BFB0
:109E50000627E2E74FF00008FFF710BB540D002083
:109E6000A40D0020A00D0020600D002001220DF1A6
:109E70002B010320F9F738FB0BF1010B5FFA8BF391
:109E80009845F3D82544EDB2079A6B1EDBB29A428F
:109E90000FD9F25C032A3FF486A9079AAA4288BF29
:109EA0001D460124FFF777B90BF1050B5FFA8BF51F
:109EB000F7E71D46F5E7735DA74903F00F0301229D
:109EC00081F807310BF1020B02FA03F3A1F80C3110
:109ED0005FFA8BFB00220BA90420F9F705FB5D4616
:109EE000FFF759B907238DF82B300BF10303DBB2D1
:109EF00016F80580F25C0BF10403DBB20BF10505EB
:109F00000BF1020BF75C5FFA8BFB3F0416F80B308A
:109F1000DFF844B247EA02271F4364235F439BF8FC
:109F20004030C8F3021908F00F0AEDB2092B06D829
:109F3000DFE803F0111D2E37404449516C7B0020AF
:109F40008DF82B008DF82C0001220BA90520F9F7C4
:109F5000CBFAFFF720B93846F7F7FAFD18F0080FEB
:109F600000F10600C0B242D000F0FD00E8E738463C
:109F7000F7F700FEAAF108030630C0B2052B01D99D
:109F800000F0FD00B9F1050F31D900F0FB00D7E773
:109F90003846F7F70BFE0AF1FF330630C0B2042B48
:109FA000EDE73846F7F710FE063018F0080FC0B29C
:109FB000E6D1E7E73846F8F78DFFF5E718A9384608
:109FC000F8F7C0FFF0E73846F9F764F80630C0B29A
:109FD000BAF1050FD3E73846F9F724F818F0080F5F
:109FE00000F10600C0B2BFD1BAF1060FBCD00728FD
:109FF0008DF82B00A6D18BF868A08BF870A0CBF859
:10A000006470CBF86C708BF861909BE73846F7F77B
:10A01000B1FDAAF108030630052BC0B288BF00F0DD
:10A02000FD0018F0400FB0D1E1E73846F9F768F8C5
:10A03000BAE74A4BD3F848336BB11B685BB198471A
:10A04000099B8DF82C0003F03F038DF82D30022280
:10A050000BA906207BE7FF20F2E703238DF82B30C6
:10A060005B44DBB2705DF25C0BF10403DBB20BF11D
:10A070000605F35C1B0443EA02230BF10202D2B291
:10A080000BF1050BB25C5FFA8BFB13436422534365
:10A090000022199216F80B208DF868202E4A18938A
:10A0A00092F84070EDB2092F26D8DFE807F005815D
:10A0B000812035495965817153B9FEF7CBFDA0B9AF
:10A0C0008DF82B708DF82C7001220BA907203EE72C
:10A0D00018AB8DF8540014A81493F9F769FE0428FE
:10A0E00062D0052862D00028EAD10327E8E72BB91F
:10A0F000FEF798FD0028E3D10027E1E718AB8DF8C3
:10A10000540014A81493F9F791FE04284CD00528A4
:10A110004CD00028D4D0EFE723B9FEF74BFD002840
:10A12000E3D1E9E718AB8DF8540014A81493F9F7BC
:10A13000BBFE042838D0052838D00028D5D0DBE76E
:10A1400013B9FEF71FFDEAE718AB8DF8540014A809
:10A150001493F9F7E7FEECE7082F0020E829002028
:10A1600013B9FEF7DFFCDAE718AB8DF8540014A83A
:10A170001493F9F75DFFDCE713B9FEF7EBFCCEE7CC
:10A1800018AB8DF8540014A81493F9F713FFD0E717
:10A1900013B9FEF7AFFCC2E718AB8DF8540014A852
:10A1A0001493F9F78DFFC4E7022789E7012787E7B2
:10A1B000FF238DF82B30FEF7EEBF735D03F00F0326
:10A1C000012B4FF47A7238BF01235343B84A0BF185
:10A1D000020B136503F57A7353655FFA8BFB00225C
:10A1E0000BA9082079E6B24F97F84080A8F1020346
:10A1F0000BF1020B072B5FFA8BFB7FF670AE735DE2
:10A20000C3F34012C3F3001587F8752003F00F0362
:10A21000A84A87F87450D05CEEF7A4FE0223B86712
:10A2200018A940468DF860308DF86250F8F770F943
:10A2300097F93930149040B29842B8BF184687F861
:10A24000390000220BA9092047E603238DF82B30A3
:10A250005B44DBB2775DF25C0BF10403DBB2F55CCF
:10A260000BF10203DBB22D04F35C45EA02251D432A
:10A2700064235D438E4B93F84030092B66D8DFE8AA
:10A2800003F0055C5C2029323C455C4E2846F7F71C
:10A290005FFC894A831CDBB207EB4707126802EBBD
:10A2A000870152F82720002A42D103F0FD03012242
:10A2B0000BA90A208DF82B308DF82C30F9F714F902
:10A2C0003EE02846F7F780FC831C7C4ADBB207EBB4
:10A2D0004707E3E72846F8F7FDFD831C784ADBB221
:10A2E00007EB4707DAE718A92846F8F72BFE831C87
:10A2F000744ADBB207EB4707D0E72846F8F7CAFEF7
:10A30000831C714ADBB207EB4707C7E72846F8F71B
:10A3100089FE831C6D4ADBB207EB4707BEE7284680
:10A32000F8F7EEFE831C6A4ADBB207EB4707B5E796
:10A33000032B0CBF4D600223B9E7FF238DF82B30B0
:10A340000BF1050B5FFA8BF5FEF725BF0023AEE797
:10A350000920F7F72FFB5F4F002875D00921002057
:10A36000F7F7FCFA0BF10203DBB214A8F25C0BF175
:10A370000303DBB2F35C1B0443EA0223725D134365
:10A380000BF10402D2B20BF106050BF1050BB25C26
:10A390005FFA8BFB43EA026A16F80B304FF47A72CD
:10A3A00053434FEA2328F0F72AFAD7F838334A48BC
:10A3B000C01AB7F83C33A8EB03039AB21BB2002BC8
:10A3C000B8BF02F57A735044149AB8BF00F1FF3059
:10A3D00000EB0209BDF85420B8BF1BB213440FFABA
:10A3E00083F8B8F57A7F9AB2A4BFA2F57A730FFA10
:10A3F00083F819A84FF00003A8BF09F101091893C9
:10A40000ADF86430EFF74EF8BDF864301890A8EB63
:10A4100003081FFA88F30FFA88F8B8F1000FB8BFE5
:10A4200003F57A73A9EB0000BCBF0FFA83F800F1C3
:10A43000FF30EFF74FF84046EFF752F80123EDB247
:10A4400087F83C34FEF7A7BE87F83C04FEF7A3BEAE
:10A450000C20F7F7AFFA00283EF49DAE0C21002047
:10A46000F7F77CFAFEF797BE0BF1050B00235FFAB6
:10A470008BF58DF82C3001220BA9112067E50D20FA
:10A48000F7F798FA00283EF486AE0D210020F7F782
:10A4900065FA0BF1040B55E70BF1040B00235FFA8F
:10A4A0008BF58DF82C3001220BA913204FE500BF4E
:10A4B000082F00207AFA0108240D0020340D002016
:10A4C0003C0D0020440D00204C0D0020540D0020B8
:10A4D000600D0020E8290020803DD5120D488546FA
:10A4E000F7F73AFA0C480D490D4A002302E0D45818
:10A4F000C4500433C4188C42F9D30A4A0A4C0023CE
:10A5000001E013600432A242FBD301F089FAF5F7AF
:10A510005BF8FEE70000012000000020400400205E
:10A52000C424020840040020B83800202DE9F0417E
:10A530000F46904602F0BAFB04460D46B8F1000FF4
:10A5400011D0C7F30A53C3F16B03002B0BDD1B05BE
:10A5500003F17F55002405F5401522462B46EEF702
:10A5600073F804460D4620462946BDE8F0810000F8
:10A570002DE9F04F9FB00C46179200221A920590D9
:10A580004FF0000A4FF0000B0A46199211782B2960
:10A5900048D036D80D2930D8082930D8002939D0EC
:10A5A00000220E92199D2A78302A40F0B0806A78F5
:10A5B00002F0DF02582A6CD102930E9B01931AAB72
:10A5C00000938E4A05981BAB19A900F019FE10F0F4
:10A5D0000F06044605D0062E26D101350023199515
:10A5E0000E93179B002B40F07E850E9BBBB150460F
:10A5F0000BF100411FB0BDE8F08F2029D0D101320E
:10A60000C3E72D29CCD101210E91511C199152780B
:10A61000002AC7D1179B1994002B40F06285504641
:10A620005946E7E70021EFE71A9A3AB135211CA80D
:10A6300002F02EFC1A99059802F00EF8013E1B9AC2
:10A64000042E06D8DFE806F014031D201400DDE90F
:10A650001CABE10548BF4BF0004B2BF000431B0D3A
:10A660001B05002BBDD101F0D5F922230360B8E70B
:10A67000DDE91CA302F2334223F4801343EA025BB8
:10A68000E7E7DFF87CB1E4E76FF0004B4FF0FF3A0B
:10A69000DFE7199B5A1C19925B78302BF9D0002BFD
:10A6A0009FD0012300270893199B0C930B97B94661
:10A6B0000A2219980578A5F13003D9B2092928D9B9
:10A6C0005049012201F032FF002832D000202A46F2
:10A6D0000A904D460346652A01D0452A14D11DB97A
:10A6E000089A024396D00025199C621C1992627840
:10A6F0002B2A7AD02D2A7ED04FF0000CA2F1300107
:10A70000092940F2858019944FF00008A5E0002344
:10A71000C8E7B9F1080FD8BF0B9900F10100DABF03
:10A7200002FB01330B9302FB073709F10109199072
:10A73000BFE7199B5A1C19925A78B9F1000F3BD008
:10A740000A904D46A2F13003092B12D90123C2E72A
:10A75000199B5A1C19925A780130302AF8D0A2F16C
:10A760003103082B00F2C484199B0A9000200C933B
:10A770000546303A00F1010318D00A9919440A91AC
:10A780002E464FF00A0E711CA1EB050C634515DC3B
:10A7900020EAE0702B18082B05F1010505441ADCAE
:10A7A0000B990A2303FB01230B930023199A511CD5
:10A7B000199152781846C5E74846CEE7082E05DCC1
:10A7C0000B9E0EFB06F60B960E46DCE71029D8BF53
:10A7D0000EFB07F7F8E70F2BDCBF0A2303FB072765
:10A7E000E3E700230A9301237AE74FF0000CA21C51
:10A7F0001992A27882E74FF0010CF8E7B021020825
:10A800000000F07FCF140208199A511C1991527858
:10A81000302AF9D0A2F1310108293FF675AF303A5C
:10A820000992199A0F924FF00A08199A561C199614
:10A830005278A2F1300EBEF1090F39D90F99761A6C
:10A84000082E44F61F6803DC09998845A8BF88468E
:10A85000BCF1000F01D0C8F10008002D4ED10899BD
:10A8600001437FF4BEAE002B7FF4D4AE692A28D01A
:10A8700025DC492A25D04E2A7FF4CCAE994919A867
:10A8800000F0E0FE00283FF4C5AE199B1B78282B92
:10A890002ED195491CAA19A800F0E8FE052827D159
:10A8A0001D9BDDF870A043F0FF4B4BF4E00B98E6E6
:10A8B000099908FB0121A1F130020992B5E76E2A3E
:10A8C000DAE78A4919A800F0BDFE00283FF4A2AEDD
:10A8D000199B8749013B19A8199300F0B3FE10B9E1
:10A8E000199B01331993DFF80CB24FF0000A78E698
:10A8F000814803F0ADF982468B4672E60A9B0B98BD
:10A90000A8EB0303B9F1000F08BFA946102D099366
:10A910002C46A8BF1024EDF71DFE092D82468B465C
:10A9200011DC099B002B3FF45CAE099B76DD162BF6
:10A930005DDC724901EBC301D1E9000152465B467F
:10A94000EDF782FED7E76D4B03EBC40353E9122307
:10A95000EDF77AFE824638468B46EDF7FBFD024660
:10A960000B4650465946EDF7B9FC0F2D82468B46F3
:10A97000D7DD099B2C1B1C44002C40F3938014F062
:10A980000F030AD05D4901EBC30152465B46D1E992
:10A990000001EDF759FE82468B4634F00F0473D068
:10A9A000B4F59A7F49DD0024A0460B94A146059A90
:10A9B000DFF840B1222313604FF0000A0B9B002BFD
:10A9C0003FF40FAE1A99059801F046FE05984946E6
:10A9D00001F042FE0598414601F03EFE0B990598B4
:10A9E00001F03AFE0598214601F036FEF9E5099A94
:10A9F000C5F125039342BCDB404CC5F10F0504EBC8
:10AA0000C50152465B46D1E90001EDF71DFE099BE9
:10AA10005D1B04EBC504D4E9002391E71633A8DBE2
:10AA20000A9BA3EB0808354B03EBC808D8E90023C1
:10AA300050465946EDF732FF5DE70023304F2411B1
:10AA4000504659461E46012C21DC0BB182468B46EE
:10AA50002B49ABF1547B01EBC60152465B46D1E971
:10AA60000001EDF7F1FD234B0A460B4025498B42CF
:10AA7000824698D8A1F580118B4286BFDFF888B056
:10AA80004FF0FF3A02F1547B0023089376E0E2078F
:10AA900004D5D7E90023EDF7D7FD01230136641073
:10AAA0000837D0E7F0D0644214F00F020AD0134BFD
:10AAB00003EBC20350465946D3E90023EDF7EEFEFF
:10AAC00082468B462411DFD01F2C1FDD0024A046B8
:10AAD0000B94A146059A22234FF0000A4FF0000B79
:10AAE00013606BE7BDFB01089C210208B5FB010860
:10AAF00081FC01080000F07F070B020828220208F1
:10AB0000002202080000A07CFFFFEF7F14F010037A
:10AB100018BF6A23784E0893504659460023E7072A
:10AB200004D5D6E90023EDF78FFD0123641006F16B
:10AB30000806F4D10BB182468B46089BB3B1CBF328
:10AB40000A52C2F16B03002B59460FDD1F2B58DD53
:10AB5000342BDEBF4FF0FF33C2F14B0293404FF076
:10AB6000000ACCBF4FF05C7B03EA010B00220023FC
:10AB700050465946EDF7D0FF0028A7D10B9B009314
:10AB80000C9905982B464A4601F0CEFD0B90002803
:10AB90003FF409AF099A0A9B002AA3EB0803A8BF58
:10ABA00000231293002422EAE2731693A0460B9B23
:10ABB0000598596801F010FD814600283FF4F7AE72
:10ABC0000B9B1A69023203F10C0192000C3001F068
:10ABD000E9FB1CAB01931BAB0093059852465B4607
:10ABE000CDE90CAB02F0CCF81A9000283FF4DFAEB0
:10ABF0000598012101F02EFE804648B94FF000086B
:10AC0000D5E64FF0FF3202FA03F303EA0A0AADE792
:10AC10001B9D1C9A002DABBF129B169B169E129F6C
:10AC2000ACBFEF185E1B089BED1A1544334B013D7A
:10AC30009D42C2F1360250DA5B1B1F2BA2EB0302CE
:10AC40004FF001013DDC01FA03F31393002310934D
:10AC5000BD18089BAF4216441E443B46A8BF2B4676
:10AC6000B342A8BF3346002BC2BFED1AF61AFF1A33
:10AC7000129B002B16DD414605981A4601F0A2FEF4
:10AC800080460028BAD001461A9A059801F0F8FDCE
:10AC90000A9000283FF48BAE1A99059801F0DCFC6D
:10ACA0000A9B1A93002D1DDC099B002B28DD4946C9
:10ACB000169A059801F086FE814608BB4FF0000900
:10ACC00075E6C5F17F4505F57F0505F57B45E23560
:10ACD00001FA05F310931391BAE7002310930123AF
:10ACE0001393B5E71A9905982A4601F0C5FE1A9004
:10ACF0000028D9D15BE600BFC821020802FCFFFF93
:10AD0000002E07DD49460598324601F0B5FE814622
:10AD10000028D3D0002F08DD414605983A4601F0BF
:10AD2000ABFE804600283FF442AE1A9905984A4689
:10AD300001F02AFF044600283FF439AEC3680F93A0
:10AD40000023C360414601F003FF00283DDA0F9B5A
:10AD500053EA0A0363D1CBF31303002B5FD12BF02B
:10AD600000431B0D1B05B3F1D66F58D9636913B9A6
:10AD70002369012B53DD21460122059801F07CFE59
:10AD80004146044601F0E4FE002848DD2BF0004374
:10AD9000089A1B0D1B05002A62D0B3F1D66F5FD84D
:10ADA000B3F15C7F7FF696AEA34B50465946002226
:10ADB000EDF74AFCA14B0B4082468B46002B7FF4FB
:10ADC00001AE059A22231360FCE5CDF828B065D1C9
:10ADD0000F9ACBF313035AB3994A93422BD1089B92
:10ADE000514603B3954B5A461340B3F1D46F4FF01D
:10ADF000FF321BD81B0DC3F16B0302FA03F3994218
:10AE000019D1904B0A9A9A4202D101313FF4CFAD49
:10AE10008A4B0A9A1A4002F5801B4FF0000A089BE1
:10AE2000002BC1D1CEE54FF0FF33E8E71346E6E74C
:10AE300053EA0A03AAD0109BDBB10A9A1342EED060
:10AE40000F9B089A50465946BBB1FFF76FFB02466D
:10AE50000B46DDE90C01EDF741FA82468B46DEE751
:10AE6000A3F580136FEA135B6FEA0B5B4FF0FF3AB9
:10AE7000D5E7139B13EA0A0FE1E7FFF757FB0246FA
:10AE80000B46DDE90C01EDF727FA0022002382468C
:10AE90008B46EDF741FE0028C1D01BE64146204617
:10AEA00001F0C6FF00224FF0804306460F46EDF743
:10AEB00047FE00286DD00F9B002B78D1BAF1000F10
:10AEC00056D10A9BC3F31303002B58D15E4B0022CB
:10AED00030463946EDF72AFE002857D1304639462C
:10AEE0005A4B0022EDF7B0FB06460F4607F1004330
:10AEF00006960793DDE90623504DCDE910230A9B02
:10AF00001D40534B9D4240F0A9800A9BA3F1547B06
:10AF10005046594601F0CAFEDDE90623EDF794FBE1
:10AF200052465B46EDF7DAF90B464449494A194067
:10AF30009142824642D90D9A424B9A4203D10C9BD0
:10AF400001333FF434ADDFF8FCB04FF0FF3A1A990B
:10AF5000059801F081FB0598494601F07DFB0598B5
:10AF6000414601F079FB0598214601F075FB1EE68C
:10AF7000BAF1010F03D10A9B002B3FF4ABAD364B66
:10AF8000314F0022CDE906230026B3E72F4F0026DC
:10AF9000ACE72E4B304639460022EDF755FB0F9BB0
:10AFA00006460F46002BA1D0CDE90667A2E7264B47
:10AFB0000022CDE9062316461F469BE703F1547B8A
:10AFC000089BCDF828B0002BC1D12BF000431B0DFE
:10AFD0001B059D42BBD13046394603F00BFDEDF712
:10AFE00005FB02460B4630463946EDF775F90B4630
:10AFF0000246CDE90C23CBF313060F9B46EA0A0663
:10B000001E4368D008A3D3E90023EDF78FFD002885
:10B010007FF4D8AC06A3D3E90023DDE90C01EDF7FA
:10B02000A3FD002893D0CDE49535A094FFFFDF3F2A
:10B0300035E5AF350000E03F000050390000F07FFB
:10B04000FFFF0F00FFFFEF7F0000F03F0000E03F39
:10B050000000E07FFFFF9F7C0000F0BF089B23B350
:10B06000B5F1D46F21D828A3D3E90023304639465F
:10B07000EDF766FDA0B139463046EDF7BDFD01287C
:10B0800038BF0120EDF766FA0F9B06460F46FBB965
:10B0900001F1004314901593DDE91423CDE9102349
:10B0A000119B03F1D6635B1B1193DDE90C01DDE914
:10B0B00010AB01F0FBFD02460B4650465946EDF73A
:10B0C000C3FADDE90C23EDF709F982468B4677E7F1
:10B0D000CDE91467E0E70EA3D3E90023EDF726FDE1
:10B0E0009FE700230E93179A199B1360FFF77DBA11
:10B0F000652A3FF476AB452A3FF473AB0123FFF793
:10B10000AEBB00BFAFF300800000C0FFFFFFDF4118
:10B110009535A094FFFFCF3F0A4601460248034BF6
:10B120000068FFF725BA00BFE40300207802002082
:10B130000369B3EB611F2DE9F0434FEA611200F19F
:10B14000140445DD11F01F0104EB830604EB8205B6
:10B150000CD100F110072946B14234D39B1A9B0051
:10B16000EA1E964238BF0023234415E054F82270AB
:10B17000C1F12008CF4005F1040EA1467645F44602
:10B1800015D89A1A9200043A0135AE4238BF00220F
:10B19000A318A75007B104331A1BA3424FEAA20217
:10B1A00008BF0023026108BF4361BDE8F083DCF8FB
:10B1B00000C00CFA08FC4CEA070749F8047B5EF86B
:10B1C000047BCF40DAE751F804CB47F804CFC3E75C
:10B1D0002346E1E7A0F13003092B02D82038C0B2A2
:10B1E0007047A0F16103052B01D84738F7E7A0F1BC
:10B1F0004103052B01D82738F1E7002070470000F4
:10B200002DE9F04F85B08A4602930B680190904675
:10B210009C1CA14614F8010B3028FAD0A9EB0303BB
:10B22000A3F1020BFFF7D6FF0546002868D1A0491D
:10B230000122484601F07AF90746002867D199F8BB
:10B2400001002646FFF7C6FF002862D02346187883
:10B250003028994603F10103F9D0FFF7BBFFB0FA9C
:10B2600080F56D094FF0010B4A46164601323078E1
:10B27000FFF7B0FF0028F8D18D490122304601F0D8
:10B2800055F900283FD144B9741C224616460132B4
:10B290003078FFF79FFF0028F8D1A41BA700337870
:10B2A00003F0DF03502B3ED173782B2B33D02D2BA3
:10B2B00034D0711C00240878FFF78CFF431EDBB2EA
:10B2C000182B30D8A0F1100211F8010FFFF782FF00
:10B2D00000F1FF3C5FFA8CFCBCF1180F4FF00A0341
:10B2E0001ED904B152421744CAF80010EDB1BBF1A7
:10B2F000000F0CBF06250025284605B0BDE8F08FDD
:10B3000000252C46B0E7002CC7D12746C7E74E469C
:10B310002F460125C3E70024B11CCCE70124FBE73D
:10B3200003FB0200CEE73146DEE7A6EB0903013B53
:10B330002946072B0ADC019801F04EF9044640B972
:10B340005C4B0246E4215C4801F00EF801315B10D1
:10B35000EFE700F1140A002355469B46B14537D369
:10B3600045F804BBA5EB0A05AD102561584601F070
:10B3700025FA6D01D8F800602D1AB54254DDAD1BD9
:10B380002946204601F0A7FD814678B16B1E591170
:10B3900003F01F025AF821104FF0010909FA02F2D6
:10B3A0000A4203D04B4536DC4FF0020929462046BD
:10B3B000FFF7BEFE2F44D8F80830BB4242DA0198AE
:10B3C000214601F049F90E9A00231360A32593E763
:10B3D00016F8012D2E2A12D0202B04D145F804BBDB
:10B3E0004FF0000B5B4630780393FFF7F3FE039BAF
:10B3F00000F00F0098404BEA000B0433AEE7B14574
:10B40000EAD82B4903930122304601F08FF8039BC1
:10B410000028E1D1A2E7A91E204601F05CFD00282A
:10B42000C2D04FF00309C1E709DA751B2146019824
:10B430002A4601F021FB7F1B044600F1140A4FF05D
:10B440000009B8E7D8F80450BD426FDDED1BAE42ED
:10B4500034DCD8F80C30022B22D0032B24D0012B63
:10B4600015D1AE4213D1012E0BD1029AD8F8043077
:10B47000136001232361CAF800300E9B62251C6013
:10B480003AE7711E204601F026FD0028EDD1019813
:10B49000214601F0E1F80E9A0023136050252BE7B6
:10B4A0000F9B002BF3D1E0E70F9B002BDDD1EEE7E4
:10B4B000CF14020838FB010849FB01086F1EB9F1DF
:10B4C000000F30D127B13946204601F004FD8146F6
:10B4D0007A1101235AF8222007F01F07BB401342BC
:10B4E0002946204618BF49F00209FFF721FED8F887
:10B4F0000470761B0225B9F1000F47D0D8F80C3044
:10B50000022B15D0032B17D0012B09D119F0020FF4
:10B5100006D0DAF8003049EA030919F0010F0ED11C
:10B5200045F0100532E04FF00109D1E70125E2E7CF
:10B530000F9BC3F101030F930F9B002BF0D0D4F8A6
:10B5400010B004F114034FEA8B0A03EB8B014FF0A8
:10B55000000C184653F8042BB2F1FF3F1BD0013208
:10B560000260022D04F114033CD1D8F80020013A06
:10B57000B24209D17111012253F8213006F01F06A1
:10B5800002FA06F61E423AD145F020050E9B1C60D9
:10B59000029B1F60B0E6994243F804CCD9D8A36857
:10B5A0009B4517DB61680198013101F015F8814670
:10B5B00018B91A4B02468421C5E62269023204F109
:10B5C0000C0192000C3000F0EDFE2146019801F0D4
:10B5D00043F84C4623695A1C04EB83032261012281
:10B5E0005A61BEE722695A450BDD01212046FFF76B
:10B5F0009FFDD8F808300137BB42FFF6E0AE0125C9
:10B60000C2E716F01F06FAD05344C6F1200653F8DD
:10B61000040C01F0D3F8B042E7DBF0E738FB010897
:10B62000C2F10802920070B5C2F1200643680468B6
:10B6300003FA06F52C43D340046040F8043F8842E7
:10B64000F4D370BD30B50368013311F8014B14B960
:10B650000360012030BD13F8012BA2F14105192D23
:10B6600098BF2032A242F0D00020F3E72DE9F04F3E
:10B670000B6801685E1102EB860613F01F0387B0AA
:10B6800018BF04360025371F82469046019346F8BE
:10B69000045CB9463C460295AB464A784B1C039382
:10B6A00042B3104605910492FFF794FD002851D152
:10B6B000049A0599202A18D8029B9B4513DD4C4516
:10B6C00006D2072D04DC2A4649462046FFF7A8FF8C
:10B6D000444552D90023A4F1040944F8043CCDF8B0
:10B6E00008B04C461D460399D7E7292A57D10231A5
:10B6F000CAF80010BBF1000F51D04C4506D2072DFF
:10B7000004DC2A4649462046FFF78AFF444536D9DD
:10B71000A8F10402234653F8041B42F8041F9F4279
:10B72000F9D23B1B23F0030304330134033EB4423C
:10B7300088BF04234344002243F8042B9F42FBD2DA
:10B740003B681BB9474528D101233B60052007B062
:10B75000BDE8F08F0135082D0BF1010B06DD4445E6
:10B76000C1D9002344F8043C0125043C226800F0C0
:10B770000F0040EA02102060B5E70825B3E7019BFF
:10B78000002BDDD0C3F120034FF0FF32DA4056F832
:10B79000043C134046F8043CD2E7043FD0E70420C1
:10B7A000D5E700002DE9F04F85B09046434A02905E
:10B7B00089461E460D462B4615F8014B175D17F0BE
:10B7C0000807F8D12D2C10D12C7801279D1C36F0BC
:10B7D000100315D1302C0DD12B7803F0DF03582B3B
:10B7E00008D16C78023510260AE02B2C04BF2C7887
:10B7F0009D1CECE7002EF6D1302C14BF0A2608263B
:10B8000007F1004A07F1FF3B0AF1FF3AF31732460E
:10B81000584651460393EDF7D5FA019200228E4621
:10B82000844611461046A4F13003092B05D9A4F132
:10B830004103192B1ED8A4F137039E4224DD541C6A
:10B8400015D084457EEB01021BD38E4508BF84458D
:10B8500002D1019A9A4214DB039A714300FB021150
:10B86000A6FB00020A44181842EBE371012215F806
:10B87000014BD8E7A4F16103192B05D8A4F15703B4
:10B88000DBE74FF0FF32F2E7531C0AD1029A222382
:10B89000136058465146B8F1000F0AD105B0BDE813
:10B8A000F08F17B1404261EB4101B8F1000FF5D0C4
:10B8B0000AB105F1FF39C8F80090EFE7F12202085C
:10B8C00013460A46014602480068FFF76BBF00BFF7
:10B8D000E40300202DE9F74F9146484A01908A463B
:10B8E0001E460D462B4615F8014B175D17F008074D
:10B8F000F8D12D2C10D12C7801279D1C36F0100387
:10B9000015D1302C0DD12B7803F0DF03582B08D143
:10B910006C78023510260AE02B2C04BF2C789D1C75
:10B92000ECE7002EF6D1302C14BF0A2608264FEA89
:10B93000E67B32465B464FF0FF304FF0FF31EDF7CC
:10B9400041FA3246009088465B464FF0FF304FF098
:10B95000FF31EDF737FA002318461946A4F1300CF1
:10B96000BCF1090F1ED86446A6422CDDB3F1FF3F9F
:10B9700015D0009B834278EB010321D3009B8845BF
:10B9800008BF834201D1A2421ADB714300FB0B11B5
:10B99000A6FB00031944201841EBE471012315F8BC
:10B9A000014BDBE7A4F1410CBCF1190F01D8373C86
:10B9B000DAE7A4F1610CBCF1190F04D8573CD3E7C6
:10B9C0004FF0FF33EBE75A1C0AD1019922220A609B
:10B9D00018461946B9F1000F0AD103B0BDE8F08F3F
:10B9E00017B1404261EB4101B9F1000FF5D00BB145
:10B9F00005F1FF3AC9F800A0EFE700BFF122020805
:10BA000013460A46014602480068FFF763BF00BFBD
:10BA1000E4030020014B1868704700BFE4030020D6
:10BA200070B50D4D0D4C641BA4100026A64209D123
:10BA30000B4D0C4C03F046FA641BA4100026A642E2
:10BA400005D170BD55F8043B98470136EEE755F82F
:10BA5000043B98470136F2E7BC240208BC240208E4
:10BA6000BC240208C02402082DE9F04788B0002B4E
:10BA70001D461446BCBF03F100431446129A109EA3
:10BA8000DDF84CA0B6BF1D4600232D231370149B78
:10BA900023F02008B8F1460F05D0B8F1450F00D1CA
:10BAA0000136022300E0032307AA049206AACDE987
:10BAB00002A2CDE9003622462B4601F0C9FAB8F1C0
:10BAC000470F074619D1119BDB070ED500EB06097E
:10BAD0000022002320462946EDF71EF808B1CDF8D4
:10BAE0001C903022079B4B451ED3079B159ADB1BEE
:10BAF0003846136008B0BDE8F087B8F1460F00EB98
:10BB00000609E5D10378302B0AD100220023204614
:10BB10002946EDF701F818B9C6F10106CAF8006028
:10BB2000DAF800309944D3E7591C07911A70D9E725
:10BB3000F7B50029BABF49422D232B2309290270EA
:10BB4000437029DD0DF107031D460A271A46B1FB94
:10BB5000F7F607FB1614303402F8014C0C46632C40
:10BB600003F1FF333146F1DC3031941E03F8011C40
:10BB7000411C2346AB420AD30DF109039B1AAC4288
:10BB800088BF002302330344181A03B0F0BD13F832
:10BB9000016B01F8016FEDE7302330318370C17024
:10BBA000031DF1E72DE9F04F91B00C46DDF86880F8
:10BBB00016461F46054600F029FA03680893184602
:10BBC000ECF77EFB00230E93D8F800300990073382
:10BBD00023F0070303F1080294F818A0D4F800B08A
:10BBE000C8F80020D3E9008929F000430B93CDF871
:10BBF0002880C4E91289DDE90A019D4B4FF0FF322C
:10BC0000ECF7BCFF70BBDDE90A01994B4FF0FF3246
:10BC1000ECF796FF30BB0022002340464946ECF784
:10BC200085FF10B12D2384F84330924A924BBAF12C
:10BC3000470F8CBF90469846032323612BF00403E3
:10BC400023604FF00009009733460FAA214628468B
:10BC500000F0EDF9013040F08F804FF0FF3011B06F
:10BC6000BDE8F08F42464B4640464946ECF786FF1A
:10BC700040B14B46002BBCBF2D2384F843307F4A94
:10BC80007F4BD4E763685A1C0AF0DF013FD10623DB
:10BC900063604BF480630022236006920EAACDE914
:10BCA00004A20DAA03920DF13302CDE901326368BB
:10BCB000009342464B4628460A91FFF7D5FE0A9963
:10BCC000472980460D9928D1C81C02DB6368994238
:10BCD00040DDAAF1020A5FFA8AFA0139524604F1FC
:10BCE00050000D91FFF724FF0E9A1318012A814688
:10BCF000236102DC2268D20701D5013323619DF85C
:10BD00003330002B9FD02D2384F843309BE7472905
:10BD1000BFD1002BBDD10123BAE7BAF1650FDCD941
:10BD2000BAF1660F18D1002963680BDD216113B9E0
:10BD30002268D00702D501330B442361A1654FF07F
:10BD40000009DCE713B92268D20701D50233F4E712
:10BD50000123F2E74FF0670A0E9B994205DB236847
:10BD60002161D807EAD54B1CE7E70029D4BFC1F110
:10BD7000020201221344E0E723685A0507D423692D
:10BD8000424631462846B84701302BD165E7BAF123
:10BD9000650F40F2DD80D4E9120100220023ECF7A8
:10BDA000BBFE002833D0374A012331462846B84726
:10BDB00001303FF452AFDDE90D38434502DB236823
:10BDC000D8070FD5DDE9082331462846B8470130AA
:10BDD0003FF443AF4FF0000908F1FF3804F11A0AAD
:10BDE000C84509DC23689B0700F10381E0680F9BCD
:10BDF0009842B8BF184632E70123524631462846DA
:10BE0000B84701303FF429AF09F10109E8E70D9B7C
:10BE1000002B39DC1B4A012331462846B847013044
:10BE20003FF41BAFDDE90D3959EA030302D1236862
:10BE3000D907D7D5DDE9082331462846B847013070
:10BE40003FF40BAF4FF0000A04F11A0B0D9B5B425D
:10BE5000534501DC4B4693E701235A4631462846B9
:10BE6000B84701303FF4F9AE0AF1010AEEE700BF2E
:10BE7000FFFFEF7FB4FB0108B0FB0108BCFB01082A
:10BE8000B8FB0108A9180208A36DDDF838A05345D6
:10BE9000A8BF5346002B994636DC4FF0000B29EA29
:10BEA000E97904F11A02A36D0A93A3EB09035B4538
:10BEB00031DC0D9B9A453ADC2368DA0737D40D9BB9
:10BEC000AAEB03090A9BAAEB03039945A8BF99466D
:10BED000B9F1000F33DC4FF0000829EAE97904F1E9
:10BEE0001A0B0D9BAAEB0303A3EB090343457FF752
:10BEF00079AF01235A4631462846B84701303FF40E
:10BF0000ACAE08F10108ECE7424631462846B84796
:10BF10000130C2D1A1E60123314628460A92B84732
:10BF200001303FF49AAE0A9A0BF1010BBBE7DDE951
:10BF3000082331462846B8470130C0D18DE60A9A19
:10BF40004B46424431462846B8470130C3D184E6C7
:10BF5000DDF838A0BAF1010F01DCDB0736D501238B
:10BF6000424631462846B84701303FF476AEDDE917
:10BF7000082331462846B84701303FF46EAED4E975
:10BF80001201002200230AF1FF3AECF7C5FDC0B907
:10BF9000534608F1010231462846B84701300CD11A
:10BFA0005BE601235A4631462846B84701303FF444
:10BFB00054AE08F10108D045F3DB4B4604F15002C2
:10BFC000DFE64FF0000804F11A0BF4E701234246C4
:10BFD000E1E701234A4631462846B84701303FF49D
:10BFE0003CAE08F10108E3680F995B1A4345F0DCA9
:10BFF000FCE64FF0000804F11909F4E70244034697
:10C00000934200D1704703F8011BF9E700487047DD
:10C01000680300200346084641B1FF2A04D98A225A
:10C020001A604FF0FF3070470A70012070472DE909
:10C03000F047164698468A680B69DDF820909342CF
:10C04000B8BF1346336091F8432007460C460AB147
:10C05000013333602368990642BF3368023333608B
:10C06000256815F0060506D104F1190AE36832685F
:10C070009B1AAB4226DC94F843302268003B18BF81
:10C08000012392062BD404F1430241463846C847A7
:10C0900001301ED02368226903F00603042B02BF7F
:10C0A000E5683368ED1AA3680CBF25EAE57500253D
:10C0B0009342C4BF9B1AED1800261A34B5421AD118
:10C0C000002008E00123524641463846C847013067
:10C0D00003D14FF0FF30BDE8F0870135C6E7E11826
:10C0E0005A1C302081F84300224494F8451082F80D
:10C0F00043100233C7E70123224641463846C8476A
:10C100000130E6D00136D9E72DE9FF470F7E0C9EBE
:10C11000782F914680460C469A4601F1430207D893
:10C12000622F0AD8002F00F0D180582F00F0B8807D
:10C1300004F1420684F842703AE0A7F16303152B3C
:10C14000F6D801A151F823F0A1C10108B5C1010839
:10C1500031C1010831C1010831C1010831C10108F3
:10C16000B5C1010831C1010831C1010831C101085F
:10C1700031C10108B3C20108DFC101086DC2010865
:10C1800031C1010831C10108D5C2010831C101081E
:10C19000DFC1010831C1010831C1010875C20108C0
:10C1A00033681A1D1B68326004F1420684F842307D
:10C1B00001239CE033682068191D3160060601D513
:10C1C0001D6803E04506FBD5B3F90050002D03DAE6
:10C1D0002D236D4284F8433058480A2311E021682A
:10C1E0003368080653F8045B02D4490648BFADB271
:10C1F0006F2F5248336014BF0A230823002184F8AC
:10C2000043106668A660002E05DB21682E4321F0EE
:10C21000040121604BD01646B5FBF3F103FB115727
:10C22000C75D06F8017D2F46BB420D46F4D9082BA9
:10C230000BD12368DF0708D5236961689942DEBF07
:10C24000302306F8013C06F1FF36921B2261CDF83F
:10C2500000A04B4603AA21464046FFF7E8FE013006
:10C260004AD14FF0FF3004B0BDE8F087236843F0B7
:10C27000200323603248782784F8457023683168AA
:10C280001F0651F8045B02D45F0648BFADB23160AF
:10C29000D90744BF43F0200323601DB11023ADE74D
:10C2A0002648E9E7236823F020032360F6E71646D3
:10C2B000BDE7336825686169181D30602E061B686C
:10C2C00001D5196002E06806FBD5198000232361BF
:10C2D0001646BCE733681A1D32601E68626800218A
:10C2E0003046EBF79DFF08B1801B606063682361F7
:10C2F000002384F84330AAE7236932464946404682
:10C30000D0470130ADD023689B0713D4E068039B6E
:10C310009842B8BF1846A6E7012332464946404630
:10C32000D04701309DD00135E36803995B1AAB42D9
:10C33000F2DCEBE7002504F11906F5E7A21A020882
:10C34000C0FB010882B001B901A942B14BB1137819
:10C350000B601278101E18BF012002B07047104603
:10C36000FBE76FF00100F8E71FB514461A46094BCA
:10C370001B680546D8684CB1074B0091CDE90134E4
:10C3800006492B4600F0C0F801F076FF044B1C462E
:10C39000F3E700BFE4030020D1FB0108DEFB010846
:10C3A000070B02080A44914200F1FF3300D17047A5
:10C3B00010B511F8014B03F8014F9142F9D110BDAE
:10C3C000002310B50446C0E90033C0E9043383609C
:10C3D00081814366C2818361194608225C30FFF780
:10C3E0000DFE0D4B63620D4BA3620D4BE3620D4BD3
:10C3F00023630D4B24629C4206D003F168029442F1
:10C4000002D0D0339C4205D104F15800BDE8104061
:10C4100001F0CCBD10BD00BF51C5010873C50108B6
:10C42000ABC50108CFC501086C370020024A03499B
:10C43000034801F0EFBB00BF34040020B5E0010861
:10C44000E803002041680C4B994210B5044601D026
:10C4500001F030FEA168094B994202D0204601F05C
:10C4600029FEE168064B994204D02046BDE8104001
:10C4700001F020BE10BD00BF6C370020D437002073
:10C480003C38002010B50B4B0B4C0C4A1A60204670
:10C4900000220421FFF794FF04F168000122092122
:10C4A000FFF78EFF04F1D0000222BDE810401221F8
:10C4B000FFF786BFA43800206C3700202DC4010888
:10C4C000014801F074BD00BFA9380020014801F007
:10C4D0006FBD00BFA938002010B50446FFF7F0FF7C
:10C4E000236A1BB1BDE81040FFF7F0BF044B236285
:10C4F000044B1B68002BF5D1FFF7C4FFF2E700BF28
:10C5000045C40108A43800200EB403B5014603ABAE
:10C51000054853F8042B0068019301F0D9FB02B0E1
:10C520005DF804EB03B07047E403002010B56AB176
:10C530000139841810F8012B11F8013F9A4203D1F8
:10C54000A04201D0002AF5D1D01A10BD1046FCE758
:10C5500010B50C46B1F90E1001F04AFB0028ABBF34
:10C56000636DA3891B1823F48053ACBF6365A3815B
:10C5700010BD2DE9F0411F468B89DB0505460C46B1
:10C58000164605D5B1F90E100223002201F01EFB5C
:10C59000A389B4F90E1023F48053A38132463B469D
:10C5A0002846BDE8F04101F059BB10B50C46B1F981
:10C5B0000E1001F00BFB431CA38915BF606523F42B
:10C5C000805343F48053A38118BFA38110BDB1F9F8
:10C5D0000E1001F041BE000070B5C66904460D465C
:10C5E00076B9102001F08EFD0246E06120B9184BAB
:10C5F00018486B21FFF7B8FEC0E901660660C66007
:10C60000E669F36883B1E369DB6853F82500B8B9DC
:10C61000012101FA05F6721D9200204600F07CFC13
:10C6200060B1C0E901560EE021220421204600F04D
:10C6300073FCE369F060DB68002BE4D1002070BD7F
:10C64000026843F825200023C0E90333F7E700BF61
:10C650000DFC010824FC010870B5C66905460C46AE
:10C6600076B9102001F04EFD0246E86120B9094B71
:10C6700009488F21FFF778FEC0E901660660C660B1
:10C680003CB1EB696268DB6853F82210216043F823
:10C69000224070BD0DFC010824FC01082DE9F04189
:10C6A0000D6907460C461E4601F1140C0020DCF80B
:10C6B000003099B202FB01611E0C0B0C02FB063329
:10C6C00089B2013001EB034185424CF8041B4FEA6B
:10C6D0001346ECDC0EB3A368AB4219DC6168384644
:10C6E0000131FFF779FF804628B902460C4B0D480F
:10C6F000BA21FFF739FE2269023204F10C019200DF
:10C700000C30FFF74FFE21463846FFF7A5FF4446A1
:10C7100004EB850301355E6125612046BDE8F081AB
:10C7200038FB010824FC01082DE9F8430C461546A6
:10C730001F4609220833064693FBF2F3002101222B
:10C740009A4209DB3046FFF747FF40B90246194BD2
:10C750001948D321FFF708FE52000131F0E7089B8A
:10C760004361092D4FF00103036116DD04F109094E
:10C77000C8462C4418F8013B0146303B0A2230469B
:10C78000FFF78CFFA045F5D1A5F108044C442D1B03
:10C790006319BB4204DBBDE8F8830A340925F6E7D8
:10C7A00014F8013B0146303B0A223046FFF776FF82
:10C7B000EEE700BF38FB010824FC0108B0F5803F1C
:10C7C000034636BF030400201020B3F1807F3CBF36
:10C7D0001B020830B3F1805F3CBF1B010430B3F192
:10C7E000804F3CBF9B000230002B05DB13F0804FD5
:10C7F00000F1010008BF202070470368024613F0D3
:10C8000007000BD0D90721D4980749BF5B089B08C4
:10C81000012013605CBF13600220704799B209B910
:10C820001B0C1020D9B209B908301B0A190704BF24
:10C830001B090430990704BF9B080230D90703D4B1
:10C840005B0800F1010003D01360704700207047BF
:10C850002020704710B50C460121FFF7BDFE0246AF
:10C8600028B9054B054840F24511FFF77DFD01232E
:10C870004461036110BD00BF38FB010824FC0108BE
:10C880002DE9F04F17460A693B699A42A8BF3B461B
:10C890008946A4BF0F4699463D69D9F810A0BB68E8
:10C8A000796805EB0A06B34285B0B8BF0131FFF7DE
:10C8B00093FE30B90246414B41484FF4B171FFF746
:10C8C00053FD00F1140404EB860E23460022734549
:10C8D00020D307F1140809F1140108EB850501EBD9
:10C8E0008A030293EB1B153B23F003030433153734
:10C8F000BD4238BF04230193029B03918B420CD8A5
:10C90000002E03DD5EF8043D002B55D0066105B016
:10C91000BDE8F08F43F8042BD9E7B1F800A0BAF1D5
:10C92000000F1FD0C446A14600275CF8042BD9F89D
:10C9300000301FFA82FB9BB20AFB0B333B44D9F851
:10C940000070120C3F0C0AFB027202EB13429BB206
:10C9500043EA0243654549F8043B4FEA1247E4D8ED
:10C96000019BE750039BB3F802900431B9F1000F2B
:10C9700020D023684746A4464FF0000AB7F800B01D
:10C98000BCF8022009FB0B2252449BB243EA02434B
:10C990004CF8043B57F8043B4FEA134ABCF800300C
:10C9A00009FB0A3303EB1243BD424FEA134AE5D8B1
:10C9B000019AA35004349FE7013EA1E738FB010828
:10C9C00024FC01082DE9F843154612F0030207463E
:10C9D0000E4607D0254C013A002354F82220FFF7D9
:10C9E0005DFE0646AD103DD0FC697CB9102001F01B
:10C9F00089FB0246F86128B91D4B1E4840F2B3116D
:10CA0000FFF7B2FCC0E901440460C460D7F81C80A1
:10CA1000D8F808404CB940F271213846FFF71AFFA8
:10CA20000023C8F80800044603604FF00009EB0734
:10CA30000AD5314622463846FFF722FF3146804666
:10CA40003846FFF709FE46466D100BD0206838B90E
:10CA5000224621463846FFF713FF2060C0F80090B9
:10CA60000446E4E73046BDE8F88300BFF021020841
:10CA70000DFC010824FC01082DE9F0470C4649682B
:10CA8000236903EB6218A368074691464FEA621ACE
:10CA900008F10106B3420BDB3846FFF79DFD054662
:10CAA00048B90246284B29484FF4EF71FFF75CFC68
:10CAB00001315B00EEE7002300F1140100F11002E8
:10CAC0001846534533DB20692AEAEA7A04F1140355
:10CAD00019F01F0901EB8A0103EB800C2BD0C9F17F
:10CAE000200E8A460022186800FA09F010434AF81E
:10CAF000040B53F8042B9C4522FA0EF2F3D8ACEB4E
:10CB00000403153B23F00303043304F115006045CF
:10CB100088BF0423CA500AB108F10206013E384614
:10CB20002E612146FFF798FD2846BDE8F08742F8C0
:10CB3000040F0133C5E7043953F8042B41F8042FDF
:10CB40009C45F9D8EAE700BF38FB010824FC01083E
:10CB50000A6903460069801A30B50ED114331431C6
:10CB600003EB820401EB820154F8045D51F8042DBB
:10CB7000954203D005D24FF0FF3030BDA342F3D32E
:10CB8000FBE70120F9E700002DE9F74F894606464B
:10CB9000114648461446FFF7DBFF051E12D1294611
:10CBA0003046FFF719FD024628B93E4B40F23721C7
:10CBB0003D48FFF7D9FB0123C0E90435104603B017
:10CBC000BDE8F08FBCBF4B46A1463046D9F80410F3
:10CBD000BABF1C4601250025FFF7FEFC024618B926
:10CBE000304B40F24521E3E7D9F810702669C56063
:10CBF00009F1100309F1140504F1140E00F1140BEE
:10CC000005EB87080EEB86060193D9464FF0000C22
:10CC1000019B5EF8040B53F804AF019381B21FFA35
:10CC20008AF35B1A000C6344C0EB1A4000EB23400C
:10CC30009BB243EA0043764549F8043B4FEA204C57
:10CC4000E6D8331B153B23F0030315340433A64207
:10CC500038BF04231D445B441E462C4644450ED376
:10CC600008F10301491B21F00301033DA84538BF2A
:10CC700000210B4453F8041D91B117619EE754F84D
:10CC8000041BE646080C1CFA81FC714400EB2C40A6
:10CC900089B241EA004146F8041B4FEA204CDDE727
:10CCA000013FE7E738FB010824FC01080E4B0B406D
:10CCB000A3F15073002B08DC5B42B3F1A07F4FEA75
:10CCC000235204DA4FF400231341002208E0A2F1BA
:10CCD00014031E2BDABF4FF00042DA40012200237A
:10CCE00019461046704700BF0000F07F0269F8B592
:10CCF00000F1140606EB8202204F52F8044C204645
:10CD0000FFF75CFD03460A2BC0F12000A2F10405E9
:10CD1000086013DCAE4238BF52F8082CC3F10B0C8C
:10CD200028BF0022153324FA0CFE04FA03F322FA7A
:10CD30000CF24EEA07011A431046F8BDAE4236BF68
:10CD4000A2F10805002252F8082C0B3B12D0C3F1C7
:10CD5000200722FA07F19C400C43B54244F07F5172
:10CD60008CBF55F8044C00249A40FC4041F440111B
:10CD70002243E1E744EA0701DEE700BF0000F03F9D
:10CD80002DE973430121089E90469946FFF724FC44
:10CD9000044630B90246244B244840F20F31FFF7D5
:10CDA000E3FAC9F30A55C9F313030DB143F4801331
:10CDB0000193B8F1000324D068460093FFF71DFDEE
:10CDC000DDE90012D8B1C0F1200302FA03F30B43EE
:10CDD000C24063610192019BA361002B0CBF012241
:10CDE00002222261ADB1A5F2334505443560C0F1A0
:10CDF0003500099B1860204602B0BDE87083616170
:10CE0000E9E701A8FFF7F9FC019B636120300122EB
:10CE1000E7E704EB8203A0F2324030601869FFF7C5
:10CE2000CDFCC0EB4210E4E738FB010824FC01080C
:10CE30002DE9F04F85B0CDE9001002A9FFF756FFAC
:10CE40008B4606460F46009803A9FFF74FFF019B4C
:10CE500089460D461969009B1B69C91ADDE9023232
:10CE60009B1A03EB4113002BCDBF3A46C3EB0333B0
:10CE70002A4602EB035BD8BF02EB03590446224665
:10CE80004B4630465946EBF709FD05B0BDE8F08F3B
:10CE9000013970B549111469013102F1140300EB35
:10CEA000810103EB8404051FA3420CD3A31A113B99
:10CEB00023F003031132A24288BF00231844002349
:10CEC000884205D370BD53F8046B45F8046FEBE757
:10CED00040F8043BF4E700F1140200694B1198425A
:10CEE00010B511DB0ADD11F01F0107D052F8234005
:10CEF00024FA01F000FA01F18C420BD102EB83031A
:10CF0000934203D8002010BD0346F7E753F8041DF1
:10CF10000029F5D00120F6E770B5A1FB025434B921
:10CF2000294601F019F9064628B9304670BD0C2291
:10CF300002600026F9E72A462146FFF75FF8F4E78A
:10CF40002DE9F74F03690C69A34207467EDB013CDC
:10CF500001F11408A30000F11405009305EB84030C
:10CF6000019358F8243055F8242001339A4208EBF5
:10CF70008409B2FBF3F62ED34FF0000AC446AE4646
:10CF8000D3465CF8043B98B206FB00A0020C1B0CD5
:10CF900006FB0323DEF8002080B292B2121A5A4434
:10CFA000DEF800004FEA134A9BB2C3EB224303EBC7
:10CFB000104392B242EA0342E1454EF8042B4FEA95
:10CFC000234BDED2009BEB582BB9019B043B9D42C7
:10CFD0001A462FD33C613846FFF7BAFD002825DBFF
:10CFE0002946002058F8042BD1F800C01FFA82FE11
:10CFF0001FFA8CF3A3EB0E030344120CC2EB234283
:10D0000002EB1C429BB243EA0243C14541F8043B98
:10D010004FEA2240E6D255F8242005EB840322B9DA
:10D02000043B9D421A460BD33C610136304603B0A7
:10D03000BDE8F08F1268043B002ACBD1013CC6E763
:10D040001268043B002AEFD1013CEAE70020EEE73A
:10D050002DE9F04FC76997B014461D46CDE9044548
:10D06000239E83467FB9102001F04CF80246CBF88E
:10D070001C0020B9A84BEF21A848FFF775F9C0E9BB
:10D0800001770760C760DBF81C30196859B15A682E
:10D090004A60012393408B605846FFF7DDFADBF8C6
:10D0A0001C3000221A602B1EB9BF23F000430593E9
:10D0B00000233360DDF81480994BBCBF012232603D
:10D0C00033EA080312D1229A42F20F731360C8F3B5
:10D0D0001303234300F04885249BDFF848A2002B6C
:10D0E00000F04A850AF1030300F044BDDDE90423A2
:10D0F000CDE90C23DDE90C0100220023EBF70CFD48
:10D10000074658B1229A01231360249B13B1249A35
:10D11000854B1360DFF814A200F02EBD14AB019311
:10D1200015AB00935846DDE90C23FFF729FEC8F341
:10D130000A568146002E76D00D9B1297C3F3130337
:10D14000DDE90C0143F07F5343F44013A6F2FF36B0
:10D1500019460022764BEBF7BFF869A3D3E9002309
:10D16000EBF772FA68A3D3E90023EBF7B7F80446AC
:10D1700030460D46EBF7FEF965A3D3E90023EBF744
:10D1800063FA02460B4620462946EBF7A7F8044609
:10D190000D46EBF709FD00220746002320462946ED
:10D1A000EBF7C4FC40B13846EBF7E4F922462B46D6
:10D1B000EBF7B2FC00B9013F162F52D85D4B03EBE1
:10D1C000C703D3E90023DDE90C01EBF7AFFC00282E
:10D1D00049D0013F00230F93149B9B1B5A1E44BF51
:10D1E000C3F101080023099254BF4FF000080993CE
:10D1F000002F3ADB099B0E973B44099300230A93C7
:10D20000209B092B62D8052BC4BF043B2093209B95
:10D21000A3F10203CCBF00240124032B62D8DFE872
:10D2200003F05153362BDDE914631E4406F23243FA
:10D23000202BC1BFC3F1400308FA03F806F21243E2
:10D2400024FA03F3D6BFC3F1200348EA030004FA2B
:10D2500003F0EBF77FF90122A1F1F873013E12927E
:10D2600076E70123B7E70F90B6E77B420A930023E6
:10D27000A8EB07080E93C3E701230B93219BFB1830
:10D2800008930133012B0393B8BF012306E0012368
:10D290000B93219B002B28DD08930393DBF81C00E4
:10D2A0000021042202F114059D4223D94160584611
:10D2B000FFF792F98246002840D11F4B024640F208
:10D2C000AF11D9E60023E3E70023D6E701240023CA
:10D2D00020930B944FF0FF33089303930022122303
:10D2E0002192DBE701230B93F4E7012308930393D7
:10D2F0001A46F5E701315200D4E700BFAFF30080D2
:10D3000061436F63A787D23FB3C8608B288AC63F4B
:10D31000FB799F501344D33F0DFC01088BFC01089F
:10D320000000F07F87FC0108AA180208A91802086B
:10D330000000F83F2822020838FB0108DBF81C3007
:10D340001860039B0E2B00F2A180002C00F09E8041
:10D35000002F33DD9C4B07F00F0203EBC203D3E930
:10D360000034F805CDE906344FEA271416D5974B5B
:10D37000DDE90C01D3E90823EBF790FACDE90401CC
:10D3800004F00F040326914D54B9DDE90623DDE9CD
:10D390000401EBF783FACDE9040128E00226F2E765
:10D3A000E10708D5DDE90601D5E90023EBF74CF9E3
:10D3B000CDE90601013664100835E5E700F0AF80DD
:10D3C0007C42814B814D04F00F0203EBC203D3E991
:10D3D0000023DDE90C01EBF737F9CDE90401241155
:10D3E00000230226002C40F08F80002BD3D10F9B0E
:10D3F000DDE90445002B00F09480754B00222046A7
:10D400002946EBF793FB002800F08B80039B002B51
:10D4100000F08780089B002B34DD7B1E069320469E
:10D420006C4B00222946EBF70FF9CDE90401089C6B
:10D4300001363046EBF79EF8DDE90423EBF704F9FB
:10D44000654B0022EAF74AFF0546A1F15076002C11
:10D450006AD1DDE90401614B0022EAF73DFF024693
:10D460000B46CDE904232A463346EBF77DFB002823
:10D4700040F08782DDE904012A4606F10043EBF71C
:10D4800055FB38BBDDE90C34CDE90434159B002B8A
:10D49000C0F258810E2F00F355814B4B03EBC703AD
:10D4A000D3E90034CDE90634219B002B80F2E580DE
:10D4B000039B002B00F3E1800CD1484B0022DDE9F7
:10D4C0000601EBF7C1F8DDE90423EBF743FB002885
:10D4D00000F0558200242546219BDB4306935646E7
:10D4E000002721465846FFF7B7F8002D00F0BD8011
:10D4F0002FB1AF4203D039465846FFF7ADF8294661
:10D500005846FFF7A9F8B0E0E20705D5D5E90023B2
:10D51000EBF79AF8013601236410083562E702261A
:10D5200065E7039C069784E7274B0B9903EBC4033D
:10D5300053E902235444002954D029490020EBF731
:10D54000ADF933462A46EAF7C7FECDE91001564643
:10D55000DDE90401EBF728FB0546EBF70BF8024683
:10D560000B46DDE90401EAF7B7FE303502460B460B
:10D57000CDE9042306F8015BDDE91023EBF7D6FAC9
:10D58000002872D1DDE9042311490020EAF7A4FE46
:10D59000DDE91023EBF7CAFA002840F0B480A64278
:10D5A0003FF470AFDDE910010A4B0022EBF74CF8B5
:10D5B000084BCDE910010022DDE90401EBF744F846
:10D5C000CDE90401C4E700BF2822020800220208B6
:10D5D0000000F03F0000244000001C400000144008
:10D5E0000000E03F31462846EBF72EF8CDE9100168
:10D5F00013945646DDE90401EBF7D6FA0546EAF73F
:10D60000B9FF02460B46DDE90401EAF765FE303555
:10D6100006F8015B02460B46A642CDE904234FF013
:10D62000000224D1AB4BDDE91001EAF757FE0246B8
:10D630000B46DDE90401EBF797FA002863D1DDE939
:10D640001023A4490020EAF747FE02460B46DDE915
:10D650000401EBF76BFA00283FF414AF139E731E1E
:10D66000139316F8013C302BF8D0069F3BE09A4B01
:10D67000EAF7EAFFCDE90401BCE7DDE904455646D7
:10D68000DDE9062320462946EBF708F9EBF78CFA8B
:10D690008046EAF76FFFDDE90623EAF7D5FF024689
:10D6A0000B462046294608F13004EAF715FE06F835
:10D6B000014B039DA6EB0A04A54202460B4634D15A
:10D6C000EAF70CFEDDE9062304460D46EBF74CFABB
:10D6D000C0B9DDE9062320462946EBF71DFA10B153
:10D6E00018F0010F0ED149465846FEF7B5FF00234A
:10D6F0003370229B01371F60249B002B00F03C827B
:10D700001E6039E2069733461E4613F8012D392A6A
:10D7100007D19A45F8D1069A0132069230228AF84A
:10D7200000201A7801321A709FE76B4B0022EAF74B
:10D730008BFF0022002304460D46EBF7EDF900288D
:10D740009ED0D0E70B9A002A00F0E180209A012AAF
:10D7500000F3C480129A002A00F0B78003F233432A
:10D760000A9C4646099A01211A445846984409924F
:10D77000FFF770F805465EB1099B002B08DDB34248
:10D78000099AA8BF3346A8EB0308F61AD31A0993DF
:10D790000A9BF3B10B9B002B00F0BD808CB1294696
:10D7A00022465846FFF70EF94A46014605465846B6
:10D7B000FFF766F8494606905846FEF74DFF069B70
:10D7C00099460A9B1A1B04D049465846FFF7FAF8B7
:10D7D000814601215846FFF73DF80E9B0446002B79
:10D7E00000F0CE811A4601465846FFF7EBF8209B21
:10D7F000012B044600F39580049B002B40F08D80A4
:10D80000059BC3F31303002B40F08980059B23F095
:10D8100000431B0D1B052BB1099B0133099308F134
:10D82000010801230A930E9B002B00F0AF812369AE
:10D8300004EB83031869FEF7C1FFC0F12000099BC8
:10D84000184410F01F0077D0C0F12003042B6BDDCB
:10D85000099BC0F11C000344804406440993B8F1BD
:10D86000000F05DD494642465846FFF705F9814657
:10D87000099B002B05DD21461A465846FFF7FCF8A8
:10D8800004460F9B002B59D021464846FFF760F90C
:10D89000002853DA7B1E0693494600230A22584685
:10D8A000FEF7FCFE0B9B8146002B00F071810023EC
:10D8B00029460A225846FEF7F1FE089B002B054632
:10D8C00067DC209B022B41DC63E0149BC3F1360331
:10D8D00046E700BF0000E03F00002440039B5C1EC1
:10D8E0000A9BA34209DB1C1B039B002BBFF639AF2D
:10D8F000039BA8EB0306002334E70A9B0E9A0A94C5
:10D90000E31A1A440E92039B464600242AE70A9C17
:10D910000B9D46462FE70A9A56E7002382E7049BB1
:10D9200080E700230A9382E799D0099A1C331A44AE
:10D9300098441E44099292E70346F6E7039B069734
:10D94000002B20DC0893209B022B1EDD089B002B64
:10D950007FF4C2AD214605225846FEF79FFE0146E0
:10D9600004464846FFF7F4F800287FF7B5AD564661
:10D97000312306F8013B069B01330693B0E5039C77
:10D9800006972546F3E7039B08930B9B002B00F0BB
:10D990000381002E05DD294632465846FFF76CF814
:10D9A00005460A9B002B5AD069685846FEF714FEBC
:10D9B000064628B9834B024640F2EF21FFF75CBBD5
:10D9C0002A690232920005F10C010C30FEF7EAFCE4
:10D9D000012231465846FFF74FF80AF1010303933D
:10D9E000089B53440B93049B03F001032F460A93B7
:10D9F0000546039B2146013B48460493FFF7A0FAE6
:10DA00003946089000F130084846FFF7A1F82A4649
:10DA1000099021465846FFF7B7F8C268064602BB90
:10DA200001464846FFF794F80246314658460C92A4
:10DA3000FEF712FE209B0C9A039E42EA03010A9B0A
:10DA4000194310D1B8F1390F29D0099B002B02DD01
:10DA5000089B03F13108049B83F8008041E52846C8
:10DA6000BBE70122E1E7099B002B04DB20990B4374
:10DA70000A990B4320D1002AEDDD49460122584680
:10DA8000FEF7FAFF21468146FFF762F8002803DC23
:10DA9000E1D118F0010FDED0B8F1390FD8D1049AD6
:10DAA0003923137033461E46013B16F8012C392AE0
:10DAB00051D001321A7014E5002A07DDB8F1390F90
:10DAC000EDD0049A08F1010313700AE5039B0B9A49
:10DAD00003F8018C934228D0494600230A22584675
:10DAE000FEF7DCFDAF4281464FF000034FF00A0223
:10DAF0003946584607D1FEF7D1FD07460546039B38
:10DB00000133039375E7FEF7C9FD29460746002355
:10DB10000A225846FEF7C2FD0546F0E7089B002B97
:10DB2000CCBF1E46012656440027494601225846CE
:10DB3000FEF7A2FF21468146FFF70AF80028B1DC74
:10DB400002D118F0010FADD133461E4613F8012D56
:10DB5000302AFAD0C5E49A45A5D1069B0133069335
:10DB600031238AF80030BCE4249BDFF85CA01BB1B1
:10DB70000AF10803249A1360504617B0BDE8F08FED
:10DB8000209B012B7FF738AE0E9B0A93012056E6AF
:10DB9000089B002B7FF7D7AE564621464846FFF735
:10DBA000CFF900F1300806F8018B089BA6EB0A02BA
:10DBB0009342B3DD494600230A225846FEF76EFD24
:10DBC0008146EAE738FB01087EFC010838B5074DBD
:10DBD00004460846114600222A601A46ECF7C8FEA1
:10DBE000431C02D12B6803B1236038BDB438002038
:10DBF00038B5074D04460846114600222A601A46E9
:10DC0000ECF7ACFE431C02D12B6803B1236038BD96
:10DC1000B43800202DE9F84307468846144600260C
:10DC2000D4E90195B9F1010905D52468002CF7D193
:10DC30003046BDE8F883AB89012B07D9B5F90E3022
:10DC4000013303D029463846C04706436835E9E723
:10DC500001490020704700BF0000F87F38B5074D2C
:10DC600004460846114600222A601A46ECF778FE60
:10DC7000431C02D12B6803B1236038BDB4380020A7
:10DC80009368013B002B10B4936007DA9469A342B8
:10DC900001DB0A2902D110BC00F056BB1368581CE6
:10DCA00010601970084610BC7047F8B506460F465C
:10DCB0001446D518AC4201D1002007E014F8011B2E
:10DCC0003A463046FFF7DCFF431CF3D1F8BD0000B5
:10DCD0002DE9F04F0D469DB014469846064618B102
:10DCE000036A0BB9FEF7F8FB6B6ED90705D4AB8955
:10DCF0009A0502D4A86D00F05AF9AB891B0701D52B
:10DD00002B699BB92946304600F0FAF870B16B6E6A
:10DD1000DC0704D54FF0FF301DB0BDE8F08FAB89B4
:10DD20009805F7D4A86D00F043F9F3E700230993B1
:10DD300020238DF82930CDF80C803023DFF8AC811A
:10DD40008DF82A304FF0010923469A4613F8012B2B
:10DD50000AB1252AF9D1BAEB040B0BD05B46224657
:10DD600029463046FFF7A1FF013000F0A780099A4D
:10DD70005A4409929AF80030002B00F09F8000234B
:10DD80004FF0FF32CDE905230AF1010A049307930E
:10DD90008DF853301A935446052214F8011B53484A
:10DDA000EAF73EFA049AD8B9D10644BF20238DF889
:10DDB0005330130744BF2B238DF853309AF80030AB
:10DDC0002A2B15D0079A544600204FF00A0C214602
:10DDD00011F8013B303B092B4BD9B0B1079214E04D
:10DDE000A0EB080309FA03F313430493A246D2E716
:10DDF000039B191D1B680391002BBBBF5B4242F0C4
:10DE0000020207930793B8BF049223782E2B0AD1FE
:10DE100063782A2B32D1039B1A1D1B68039243EAB5
:10DE2000E37302340593DFF8C8A02178032250463B
:10DE3000EAF7F6F938B1049BA0EB0A0040228240D1
:10DE400013430134049314F8011B2A488DF8281059
:10DE50000622EAF7E5F900283FD0274B1BBB039BBE
:10DE6000073323F0070308330393099B3B440993CB
:10DE70006AE70CFB02320C460120A8E700230134BC
:10DE8000059319464FF00A0C204610F8012B303A42
:10DE9000092A03D9002BC6D00591C4E70CFB012148
:10DEA00004460123F0E703AB00932A46134B04A971
:10DEB0003046FDF777FE0746781CD6D16B6ED90742
:10DEC00005D4AB899A0502D4A86D00F071F8AB892E
:10DED0005B063FF51FAF09981EE703AB00932A4688
:10DEE000064B04A93046FEF70FF9E4E7E4FC01080D
:10DEF000EAFC0108EEFC0108A5BB0108ABDC010847
:10DF000038B5294B054618680C4618B1036A0BB999
:10DF1000FEF7E2FAB4F90C30190722D4DA0607D476
:10DF200009222A6043F04003A3814FF0FF3033E021
:10DF3000580712D5616B41B104F14403994202D0F4
:10DF4000284600F06DFA00236363A38923F02403BD
:10DF5000A3810023636023692360A38943F008033E
:10DF6000A38123694BB9A38903F42073B3F5007F20
:10DF700003D02146284600F0C3FAB4F90C3013F060
:10DF800001020AD00022A26062695242A2612269A3
:10DF900042B913F08000C5D138BD990758BF6269F6
:10DFA000A260F4E70020F7E7E40300207047704721
:10DFB00070470000B1F90C20F8B5160705460C466D
:10DFC00054D44B68002B02DC0B6C002B48DDE66A56
:10DFD000002E45D0002312F480522F68216A2B6056
:10DFE00030D0626DA389590705D56368D21A636B77
:10DFF0000BB1236CD21A0023E66A216A2846B04787
:10E00000431CA38906D129681D292BD8284ACA4058
:10E01000D60727D500226260D9042269226004D580
:10E02000421C01D12B6803B96065616B2F60B9B1E7
:10E0300004F14403994202D0284600F0F1F900238C
:10E0400063630DE001232846B0470246501CC9D146
:10E050002B68002BC6D01D2B01D0162B1DD12F6095
:10E06000002021E043F040031BB21AE00F69002FAB
:10E07000F6D093070E6808BF4B690F6018BF0023E6
:10E08000F61B8B60002EEBDD216AD4F828C03346E6
:10E090003A462846E047002807DCB4F90C3043F044
:10E0A0004003A3814FF0FF30F8BD0744361AE9E77B
:10E0B0000100402038B50B6905460C4613B9002510
:10E0C000284638BD18B1036A0BB9FEF705FAB4F952
:10E0D0000C30002BF3D0626ED00704D4990502D423
:10E0E000A06DFFF764FF28462146FFF763FF636ECC
:10E0F000DA070546E4D4A3899B05E1D4A06DFFF7B8
:10E1000057FFDDE7024B0146186800F025B800BF55
:10E11000E403002070B50F4E0C463168054611B976
:10E1200000F002F930602146284600F0FDF8431C5B
:10E1300003D14FF0FF34204670BDC41C24F003040B
:10E14000A042F8D0211A284600F0EEF80130F2D1B2
:10E15000EFE700BFAC3800202DE9F843CD1C25F0D7
:10E16000030508350C2D38BF0C25002D064601DBB4
:10E17000A94204D90C2333600020BDE8F883DFF8FE
:10E18000D48000F0B1F8D8F800301C4644BB2946D2
:10E190003046FFF7BFFF431C044658D1D8F8004073
:10E1A0002746002F43D1002C4BD0236839463046F8
:10E1B00004EB030900F0B8F8814542D121686D1ADB
:10E1C00029463046FFF7A6FF01303AD023682B449A
:10E1D0002360D8F800305A6862BBC8F800700FE0BE
:10E1E0002268521B20D40B2A17D96119A34225603B
:10E1F00018BF5960636808BFC8F8001062514B60CF
:10E20000304600F077F804F10B00231D20F00700E2
:10E21000C21A1CBF1B1AA350AFE76268A3420CBF0F
:10E22000C8F800205A60EBE723466468AEE73C4636
:10E230007F68B6E71A465B68A342FBD100235360B0
:10E24000DEE70C233360304600F054F894E70560B5
:10E25000D6E700BFB038002038B5064D002304468D
:10E2600008462B60ECF77EFB431C02D12B6803B100
:10E27000236038BDB438002008B5062000F02CF823
:10E28000012000F04BFD1F2938B505460C4604D986
:10E29000162303604FF0FF3038BDC26B12B152F845
:10E2A00021304BB9284600F03DF822460146284669
:10E2B000BDE8384000F024B8012B0AD0591C03D126
:10E2C000162303600120E7E7002142F824102046CE
:10E2D00098470020E0E70000024B01461868FFF76E
:10E2E000D2BF00BFE40300200148FFF760BE00BFBB
:10E2F000A83800200148FFF75BBE00BFA838002007
:10E3000038B5074D00230446084611462B60ECF74C
:10E3100023FB431C02D12B6803B1236038BD00BF2F
:10E32000B4380020ECF716BB38B5064D0023044680
:10E3300008462B60ECF7EEFA431C02D12B6803B1C0
:10E34000236038BDB4380020F8B50E4614460546A3
:10E3500018B1036A0BB9FEF7BFF8A369A360A389DC
:10E360001A0701D5236943B921462846FFF7C8FD9E
:10E3700018B14FF0FF373846F8BD23682269981A64
:10E380006369F6B28342374605DC21462846FFF72B
:10E3900091FE0028EDD1A368013BA36023685A1CBD
:10E3A00022601E706269431C9A4204D0A389DB0775
:10E3B000E1D50A2EDFD121462846FFF77BFE002853
:10E3C000D9D0D6E72DE9F041074614460D4621B9CC
:10E3D000BDE8F0411146FFF7BFBE2AB900F020F8B2
:10E3E00025462846BDE8F08100F0F2F88442064652
:10E3F00002D8B4EB500FF4D821463846FFF7ACFEF4
:10E40000804608B94546ECE7B4422246294628BF73
:10E410003246FDF7C7FF2946384600F001F8F1E71C
:10E4200038B50546002941D051F8043C0C1F002B9B
:10E43000B8BFE418FFF758FF1D4A136833B963608B
:10E4400014602846BDE83840FFF754BFA34208D9FE
:10E45000206821188B4201BF19685B680918216088
:10E46000EDE71A465B680BB1A342FAD91168501860
:10E47000A0420BD120680144501883421160E0D1C2
:10E4800018685B68536008441060DAE702D90C230F
:10E490002B60D6E7206821188B4204BF19685B689F
:10E4A000636004BF091821605460CAE738BD00BF2B
:10E4B000B038002070B50C46B1F90E10002996B0A6
:10E4C00015461E460DDAA38913F0800F4FF00001A8
:10E4D00014BF40234FF48063002031602B6016B0DE
:10E4E00070BD6A4600F062F80028ECDB019901F487
:10E4F0007041A1F50053594259414FF48063EBE755
:10E500008B89F7B59D0706460C4607D504F14703EE
:10E51000236023610123636103B0F0BD01AB6A4650
:10E52000FFF7C8FF009F054639463046FFF714FE47
:10E5300048B9B4F90C309A05EED423F0030343F044
:10E540000203A381E2E7A389206043F08003A38153
:10E55000019BC4E904075BB1B4F90E10304600F02A
:10E560003FF828B1A38923F0030343F00103A381FB
:10E57000A3891D43A581CFE7884210B501EB0204B2
:10E5800002D98442234607D8431EA14208D011F87D
:10E59000012B03F8012FF8E7024401468A4200D11B
:10E5A00010BD13F8014D02F8014DF7E738B5074DDE
:10E5B00000230446084611462B60ECF7D5F9431CAE
:10E5C00002D12B6803B1236038BD00BFB4380020EE
:10E5D00051F8043C181F002BBCBF0B58C0187047E3
:10E5E00038B5064D0023044608462B60ECF7BEF90B
:10E5F000431C02D12B6803B1236038BDB43800201E
:10E6000070B50E4E05460A448A4201D1002013E03F
:10E6100015F8013B11F8014BF05C00F003000128F4
:10E62000305D00F0030008BF2033012808BF20340C
:10E63000181B01D1002CE7D170BD00BFF1220208E8
:10E640000CB430B5184B0C1E1D689DB008DA8B2336
:10E650002B604FF0FF301DB0BDE8304002B0704776
:10E660004FF40273ADF814304FF000031B9314BF46
:10E6700004F1FF332346049307934FF6FF73029090
:10E680000690ADF81630209A21AB02A928460193D6
:10E6900000F0B4F8431CBCBF8B232B60002CDAD0F5
:10E6A000029B00221A70D6E7E403002030B514461E
:10E6B000002C9BB005461A4605DA8B2303604FF009
:10E6C000FF301BB030BD4FF40273ADF80C304FF08B
:10E6D0000003199314BF04F1FF33234602930593FB
:10E6E0004FF6FF7300910491ADF80E3069461E9B02
:10E6F00000F084F8431CBCBF8B232B60002CE0D0BF
:10E70000009B00221A70DCE707B5009313460A4607
:10E71000014603480068FFF7C9FF03B05DF804FB3A
:10E72000E403002010B501390244904201D10020D9
:10E7300005E0037811F8014FA34201D0181B10BD6A
:10E740000130F2E72DE9F0478E681F46BE420B68A4
:10E7500082460C4690462DD8B1F90C2012F4906FE9
:10E7600026D06569096905EB4505A3EB010905EBB1
:10E77000D5757B1C4B446D109D4238BF1D4653051B
:10E7800027D52946FFF7E8FC064660B321694A46CB
:10E79000FDF708FEA38923F4906343F08003A3816F
:10E7A000266165614E44A5EB09052660A5603E46DD
:10E7B000BE4200D93E46206832464146FFF7DCFEA5
:10E7C000A3689B1BA3602368334423600020BDE83B
:10E7D000F0872A46FFF7F6FD06460028E0D12169BA
:10E7E0005046FFF71DFE0C23CAF80030A38943F002
:10E7F0004003A3814FF0FF30E9E700002DE9F04F1F
:10E8000098468B891B069DB007460D46144610D5C9
:10E810000B6973B94021FFF79FFC2860286130B96C
:10E820000C233B604FF0FF301DB0BDE8F08F40235C
:10E830006B610023099320238DF82930CDF80C80DB
:10E840003023DFF89C818DF82A304FF001092346F0
:10E850009A4613F8012B0AB1252AF9D1BAEB040B19
:10E860000BD05B46224629463846FFF76BFF013046
:10E8700000F0A780099A5A4409929AF80030002BB8
:10E8800000F09F8000234FF0FF32CDE905230AF10D
:10E89000010A049307938DF853301A9354460522C6
:10E8A00014F8011B4E48E9F7BBFC049AD8B9D0060E
:10E8B00044BF20238DF85330110744BF2B238DF81C
:10E8C00053309AF800302A2B15D0079A544600206E
:10E8D0004FF00A0C214611F8013B303B092B4BD974
:10E8E000B0B1079214E0A0EB080309FA03F3134355
:10E8F0000493A246D2E7039B191D1B680391002BCA
:10E90000BBBF5B4242F0020207930793B8BF049279
:10E9100023782E2B0AD163782A2B32D1039B1A1D20
:10E920001B68039243EAE37302340593DFF8B4A053
:10E93000217803225046E9F773FC38B1049BA0EB21
:10E940000A004022824013430134049314F8011B4F
:10E9500025488DF828100622E9F762FC002836D0F9
:10E96000224B1BBB039B073323F00703083303939E
:10E97000099B334409936AE70CFB02320C460120E1
:10E98000A8E700230134059319464FF00A0C2046EE
:10E9900010F8012B303A092A03D9002BC6D0059173
:10E9A000C4E70CFB012104460123F0E703AB00930D
:10E9B0002A460F4B04A93846FDF7F4F8421C0646D8
:10E9C000D6D1AB895B063FF52DAF09982CE703AB99
:10E9D00000932A46064B04A93846FDF795FBEDE760
:10E9E000E4FC0108EAFC0108EEFC0108A5BB0108F3
:10E9F00045E7010838B50022002304460D46EAF732
:10EA000095F828B920462946BDE8384000F00AB8F4
:10EA1000204605F1004100F005F8404261EB41015C
:10EA200038BD00BFD0B50C4B002206460F46E9F7B3
:10EA30000BFEEAF7E1F80446E9F78CFD074B0022EC
:10EA4000E9F702FE02460B4630463946E9F744FC38
:10EA5000EAF7D2F82146D0BD0000F03D0000F041B9
:10EA60002DE9F047089D0E4604460F46002B4AD17B
:10EA700094468C45B2FA82F260D942B1C2F12003C9
:10EA8000974020FA03F30CFA02FC1F4394404FEA2C
:10EA90001C4E1FFA8CF6B7FBFEF1230C0EFB117710
:10EAA00043EA074301FB06F098420AD91CEB030333
:10EAB00001F1FF3780F01581984240F2128102394E
:10EAC00063441B1AA4B2B3FBFEF00EFB103344EAFE
:10EAD000034400FB06F6A6420AD91CEB040400F12D
:10EAE000FF3380F00081A64240F2FD80644402388A
:10EAF00040EA0140A41B00211DB1D4400023C5E918
:10EB00000043BDE8F0878B4205D90DB1C5E900018E
:10EB100000210846F5E7B3FA83F1002946D1B34254
:10EB200002D3824200F2F580841A66EB03020120D0
:10EB30001746002DE5D0C5E90047E2E7002A40F07E
:10EB40009380A1EB0C034FEA1C471FFA8CFE0121B6
:10EB5000B3FBF7F607FB1630230C43EA00430EFB2A
:10EB600006F0984208D91CEB030306F1FF3802D2E5
:10EB7000984200F2D08046461B1AA4B2B3FBF7F0CD
:10EB800007FB103344EA03440EFB00FEA64508D9F8
:10EB90001CEB040400F1FF3302D2A64500F2B6805C
:10EBA0001846A4EB0E0440EA0640A5E7C1F1200791
:10EBB0008B4022FA07FC4CEA030C06FA01FE20FA0D
:10EBC00007F426FA07F344EA0E0400FA01F84FEAC4
:10EBD0001C404FEA1449B3FBF0FE1FFA8CF600FB11
:10EBE0001E3349EA03430EFB06F9994502FA01F286
:10EBF0000BD91CEB03030EF1FF3A80F08580994599
:10EC000040F28280AEF1020E6344A3EB0909A4B284
:10EC1000B9FBF0F300FB139944EA094403FB06F641
:10EC2000A64208D91CEB040403F1FF3068D2A642C7
:10EC300066D9023B644443EA0E40A41BA0FB02E6F3
:10EC4000B4427346B14652D34FD05DB1B8EB030224
:10EC500064EB090404FA07F722FA01F31F43CC40DE
:10EC6000C5E9007400214CE7C2F1200120FA01F34C
:10EC70000CFA02FC26FA01F1964033434FEA1C4796
:10EC80001FFA8CFEB1FBF7F007FB1016190C41EAD6
:10EC9000064100FB0EF68E4204FA02F408D91CEB82
:10ECA000010100F1FF382DD28E422BD90238614488
:10ECB000891B9BB2B1FBF7F607FB161143EA014330
:10ECC00006FB0EF1994208D91CEB030306F1FF384D
:10ECD00014D2994212D9023E63445B1A46EA0041BB
:10ECE00036E73946EDE6184602E7F045ADD2BEEB11
:10ECF000020366EB0C060138B146A6E74646ECE790
:10ED0000034698E74046D3E7D6467EE76444023898
:10ED100047E708460DE7023E63442DE7FEE700BFE4
:10ED2000C1F30A5C2DE9F041ACF2FF35132D024628
:10ED30000B460C46064632DC002D20DBDFF8E08077
:10ED400048FA05F801EA080C5CEA000C0F462BD0E3
:10ED500031A3D3E90023E9F7C1FA00220023E9F740
:10ED600003FF40B1002C03DA4FF480132B411F4402
:10ED700027EA0804002621463046BDE8F08126A394
:10ED8000D3E90023E9F7AAFA00220023E9F7ECFE11
:10ED90000028F0D0002C27DB00263446EBE7332D8B
:10EDA00006DDB5F5806F1CD010461946BDE8F08130
:10EDB000ACF2134C4FF0FF3727FA0CF70742F3D0B1
:10EDC00015A3D3E90023E9F789FA00220023E9F724
:10EDD000CBFE0028CFD0002C33460CDB23EA0706FD
:10EDE000C9E7E9F77BFAE1E724F0004426430DD1B7
:10EDF0004FF00044BFE7142D06D0C5F134050122C1
:10EE0000AA401344B342E9D20134E7E7054C002697
:10EE1000B1E700BFAFF300809C7500883CE4377E0B
:10EE2000FFFF0F000000F0BF38B5C1F30A54A4F291
:10EE3000FF3CBCF1130F02460B468E461BDCBCF1B7
:10EE4000000F11DB1E4941FA0CF101EA03001043E7
:10EE500017D04FF4002343FA0CF3734423EA010E56
:10EE600000237146184638BDBCF1FF3F01F0004E4B
:10EE700020D00023F5E7BCF1330F05DDBCF5806F32
:10EE800015D01046194638BDA4F213444FF0FF3197
:10EE9000E1400142F5D0CCF1330C012303FA0CF32D
:10EEA0001B1828BF0EF1010E23EA0103D9E7E9F789
:10EEB00015FA38BD4EF07F5E4EF4401E0023D0E7B9
:10EEC000FFFF0F00F8B500BFF8BC08BC9E467047B6
:0CEED000F8B500BFF8BC08BC9E467047B7
:10EEE000000000008813000010270000204E0000E2
:10EEF00030750000409C000050C3000060EA000034
:10EF0000C0D4010080A9030000530700C000000026
:10EF100002000000000000000000000000000000EF
:10EF2000070000002017ED1C2081051D20EB1D1D92
:10EF30002055361D20BF4E1D2029671D80D7711D0D
:10EF400020FD971D00EA0637000000005000000079
:10EF500040F709370000000050000000E039762E2D
:10EF600000000000500000002047792E0000000043
:10EF70005000000060547C2E000000005000000093
:10EF8000D8B9D119000000005000000018C7D419EA
:10EF9000000000005000000058D4D7190000000005
:10EFA00050000000A027BE33000000005001000008
:10EFB000E034C13300000000500100002042C4339F
:10EFC00000000000500100002021F6360000000083
:10EFD00050000000602EF9360000000050000000D4
:10EFE000A03BFC36000000005000000064CE8F33D0
:10EFF000000000005000000084FE94330000000078
:10F0000050000000E8E19D330000000050000000C7
:10F01000A05CCA330000000050000000E069CD335E
:10F020000000000050000000B227000000000000B7
:10F03000C194C1000000000048E8010048E8010058
:10F0400048E8010048E8010048E8010048E80100FC
:10F0500090D00300000000000C0B0A0908070732DB
:10F0600048E8010048E8010048E8010048E80100DC
:10F0700048E8010048E8010020A107000000000066
:10F0800020A1070020A1070020A1070020A1070060
:10F0900020A1070020A107000000000000000000E0
:10F0A0000C0B0A09080708000C0B0A0908070000E6
:10F0B00048E8010048E8010048E8010048E801008C
:10F0C00048E8010048E8010020A107000000000016
:10F0D00048E8010048E8010048E8010048E801006C
:10F0E00048E8010048E801000C0B0A090807000085
:10F0F00048E8010048E8010048E8010048E801004C
:10F1000020A1070000000000000000000000000037
:10F1100020A1070020A1070020A1070020A10700CF
:10F1200020A1070020A1070000000000000000004F
:10F130000A090807080000000C0B0A09080700006C
:10F14000020202020202020202020202020202039E
:10F150000202020202020304030202020202040586
:10F160000403020202020506050403020202060766
:10F170000605040302020707070605040302070742
:10F180000000000000000102010000000000020376
:10F190000201000000000304030201000000040556
:10F1A000040302010000050605040302010006072E
:10F1B0000605040302010707070605040302070703
:10F1C0000808080808080908080808080A090808BB
:10F1D00008080B0A090808080C0B0A0908080D0C96
:10F1E0000B0A09080D0D0C0B0A09000000000000B5
:10F1F00001010101010102010101010103020101FB
:10F2000001010403020101010504030201010605D5
:10F2100004030201070605040302000000000000C9
:10F2200001020100000000000203020100000000D2
:10F2300003040302010000000405040302010000AE
:10F240000505050403020100050700000000000099
:10F25000000007050504030207070A0908080B0A4E
:10F2600009080C0B0A090D0C0B0A0D0D0C0BA584DB
:10F27000998D0DBDB1545003A97D1962E69A459D43
:10F28000408715EBC90BEC67FDEABFF7965BC21C24
:10F29000AE6A5A41024F5CF434089373533F0C52E8
:10F2A000655E28A10FB509369B3D2669CD9F1B9E43
:10F2B000742E2DB2EEFBF64D61CE7B3E7197F56854
:10F2C000002C601FC8EDBE46D94BDED4E84A6B2A3D
:10F2D000E516C5D75594CF100681F044BAE3F3FE86
:10F2E000C08AADBC4804DFC17563301A0E6D4C1482
:10F2F000352FE1A2CC3957F28247ACE72B95A09885
:10F30000D17F667EAB83CA29D33C79E21D763B561A
:10F310004E1EDB0A6CE45D6EEFA6A8A4378B324369
:10F3200059B78C64D2E0B4FA0725AF8EE918D588B6
:10F330006F7224F1C751237C9C21DDDC86859042CD
:10F34000C4AAD8050112A35FF9D0915827B9381380
:10F35000B333BB7089A7B622922049FF787A8FF821
:10F360008017DA31C6B8C3B07711CBFCD63AC6F8ED
:10F37000EEF6FFD6DE916002CE56E7B54DEC8F1F5C
:10F3800089FAEFB28EFB41B35F452353E49B75E1ED
:10F390003D4C6C7EF5836851D1F9E2AB622A089549
:10F3A000469D30370A2F0E241BDFCD4E7FEA121DFB
:10F3B000583436DCB45BA476B77D52DD5E13A6B953
:10F3C00000C140E379B6D48D67729498B085BBC50F
:10F3D0004FED869A66118AE904FEA078254BA25D5E
:10F3E00080053F2170F16377AF4220E5FDBF8118B2
:10F3F00026C3BE35882E9355FC7AC8BA32E6C019AA
:10F400009EA344543B0B8CC76B28A7BC16ADDB6492
:10F410007414920C48B89FBD43C43931D3F2D58BD4
:10F420006EDA01B19C49D8ACF3CFCAF447106FF043
:10F430004A5C38577397CBA1E83E96610D0FE07C8C
:10F4400071CC9006F71CC26AAE6917993A27D9EBBE
:10F450002B22D2A907332D3C15C987AA50A50359E1
:10F46000091A65D784D082295A1E7BA86D2C637C2B
:10F47000777BF26B6FC53001672BFED7AB76CA8204
:10F48000C97DFA5947F0ADD4A2AF9CA472C0B7FDB4
:10F490009326363FF7CC34A5E5F171D8311504C772
:10F4A00023C31896059A071280E2EB27B2750983E9
:10F4B0002C1A1B6E5AA0523BD6B329E32F8453D18A
:10F4C00000ED20FCB15B6ACBBE394A4C58CFD0EF7F
:10F4D000AAFB434D338545F9027F503C9FA851A3B9
:10F4E000408F929D38F5BCB6DA2110FFF3D2CD0CD7
:10F4F00013EC5F974417C4A77E3D645D1973608168
:10F500004FDC222A908846EEB814DE5E0BDBE03238
:10F510003A0A4906245CC2D3AC629195E479E7C803
:10F52000376D8DD54EA96C56F4EA657AAE08BA7877
:10F53000252E1CA6B4C6E8DD741F4BBD8B8A703E19
:10F54000B5664803F60E613557B986C11D9EE1F8D0
:10F55000981169D98E949B1E87E9CE5528DF8CA11E
:10F56000890DBFE6426841992D0FB054BB161B5B55
:10F57000303B39376D5B2530346C692E2530336C68
:10F58000755D20000D0A736E7072696E7466202DB1
:10F5900020696E7465726E616C206572726F720D97
:10F5A0000A004552522077726F6E67206D6F646556
:10F5B0000D0A00006016020800000000661602082E
:10F5C000010000006C16020802000000721602081A
:10F5D0000300000078160208040000007E160208EE
:10F5E0000500000084160208060000008A160208C2
:10F5F0000700000090160208080000009616020896
:10F60000090000004552522057726F6E67206172E8
:10F6100067756D656E740D0A005F6F6E5F72785F5F
:10F620006572726F72005F6F6E5F72785F74696D82
:10F63000656F7574005F6F6E5F74785F74696D6578
:10F640006F7574005F6F6E5F72785F646F6E6500D8
:10F65000000000000000000000A1BC333C000000DE
:10F66000050000000100000008000000000000008C
:10F67000000000000000000000000000000000008A
:10F68000000000000000000000000000000000007A
:10F69000000000000000000000000000000000006A
:10F6A0000000000000000000000000000000050055
:10F6B000000000000000000000000000000000004A
:10F6C0000100000002000000030000000400000030
:10F6D0000100000003000000050000000100000020
:10F6E00001000000060000000A00000020000000E9
:10F6F00002000000040000000800000010000000EC
:10F700004000000080000000000100000002000036
:10F710009C160208AC160208BC160208CC16020899
:10F72000DC160208A5970008ED990008ED9B00087B
:10F73000F39B00081195000800080000EC16020871
:10F74000061702081D170208351702084E1702088F
:10F75000E99B0008059500086B1702087D17020851
:10F760009D170208BB170208D2170208EF170208FC
:10F770000518020801010101010101010202030350
:10F78000030303040404040445525220556E6B6EB7
:10F790006F776E20636F6D6D616E640D0A004F4B65
:10F7A0000D0A00002418020801A300080000000050
:10F7B000291802085DA300082F180208391802084A
:10F7C000CDA000083E180208BA1902080DB40008BE
:10F7D000C31E02084D180208E5B2000855180208B9
:10F7E0006418020831B300086C1802087B1802087C
:10F7F0007DB3000884180208AB180208C5B30008DE
:10F80000B9180208ED18020889B40008F8180208AF
:10F810003A190208D1B400084719020891190208E0
:10F8200039A200089E190208B319020881A0000835
:10F83000C0190208D719020819B50008EB19020807
:10F84000241A02082DA50008301A0208691A0208B5
:10F85000A9A50008751A0208B31A020825A600080F
:10F86000BF1A0208151B0208BDB50008201B0208BC
:10F87000671B020869B50008761B0208AC1B02086A
:10F88000B1A60008B81B0208311C020841B60008E6
:10F89000371C0208571C02088DB60008601C0208BD
:10F8A000851C0208D9B60008931C0208FF1C020838
:10F8B00025B70008061D0208831C02086A18020802
:10F8C0001E200208271D0208331D02083F1D0208E2
:10F8D000C01200001F000000A81600001700000062
:10F8E000841C00000F000000E42500001E00000042
:10F8F000B42D000016000000083900000E000000C2
:10F900002C4C00001D000000685B0000150000008A
:10F91000747200000D000000589800001C000000E8
:10F9200034B7000014000000E8E400000C00000000
:10F93000783101001B000000686E01001300000018
:10F9400034CA01000B000000286202001A00000007
:10F9500040DB0200120000003C9303000A0000009C
:10F96000C0C204001900000060B3050011000000CF
:10F97000382007000900000020A107000000000057
:10F98000841E0000093D0000127A000024F40000EB
:10F9900048E8010090D0030020A10700000000000B
:10F9A000B128000061510000C3A200000405060256
:10F9B00001000300831C02086A1802081E200208C6
:10F9C000D81F0208E0010208E01F0208001756A431
:10F9D000DEDEDEDE001756B8F2F2F2F200000B3582
:10F9E0007DDEDE00216DDEDEDEDE33333373DEDE10
:10F9F000DE00216DDEDEDEDE00000B357DF2F20082
:10FA00003581F2F2F2F233333373F2F2F2003581E0
:10FA1000F2F2F2F233337373DEDEDEDE00000B351A
:10FA20007DF2F2F233337373F2F2F2F23333337363
:10FA3000DEDEDEDE33333373F2F2F2F2333333736E
:10FA4000DEDE33333373F2F20B357DF2F200000069
:10FA5000216DDEDEDEDE00000B357DF2F2000000FF
:10FA60003581F2F2F2F200000305020501060202FE
:10FA700005000006000001050404080A0C0D0E1024
:10FA8000121415181A1B1D1E21240000A086010047
:10FA9000400D0300801A060000350C0040420F00A4
:10FAA00080841E0000093D0000127A000024F4004A
:10FAB00000366E010048E801006CDC020000000026
:10FAC000000000000000000000000000A08601000F
:10FAD0000000000000000000400D030010000000C6
:10FAE00000000000801A0600200000000000000056
:10FAF00000350C00300000000000000040420F0004
:10FB0000400000000000000080841E005000000043
:10FB10000000000000093D0060000000000000003F
:10FB200000127A0070000000010000000024F400C0
:10FB3000800000000200000042616C6C6F63207363
:10FB40007563636565646564002F646174612F6A21
:10FB5000656E6B696E732F776F726B73706163651F
:10FB60002F474E552D746F6F6C636861696E2F61FE
:10FB7000726D2D31332F7372632F6E65776C6962EE
:10FB80002D63796777696E2F6E65776C69622F6C6C
:10FB90006962632F7374646C69622F6764746F6148
:10FBA0002D6765746865782E6300504F534958007F
:10FBB000494E4600696E66004E414E006E616E0011
:10FBC00030313233343536373839616263646566D3
:10FBD000002C2066756E6374696F6E3A2000617345
:10FBE00073657274696F6E202225732220666169C5
:10FBF0006C65643A2066696C6520222573222C208E
:10FC00006C696E65202564257325730A005245458D
:10FC10004E54206D616C6C6F632073756363656512
:10FC2000646564002F646174612F6A656E6B696E30
:10FC3000732F776F726B73706163652F474E552D0D
:10FC4000746F6F6C636861696E2F61726D2D3133F3
:10FC50002F7372632F6E65776C69622D6379677796
:10FC6000696E2F6E65776C69622F6C6962632F73A2
:10FC700074646C69622F6D707265632E6300496EE7
:10FC800066696E697479004E614E002F646174611B
:10FC90002F6A656E6B696E732F776F726B7370610D
:10FCA00063652F474E552D746F6F6C636861696E85
:10FCB0002F61726D2D31332F7372632F6E65776CE8
:10FCC00069622D63796777696E2F6E65776C6962FB
:10FCD0002F6C6962632F7374646C69622F64746F34
:10FCE000612E6300232D302B2000686C4C0065666C
:10FCF00067454647001B5B303B39326D756E697155
:10FD00007565206964002F6275696C64732F6C6F70
:10FD10006B6F2D646576656C6F706D656E742F6C9E
:10FD20006F6B6F2D6169722F436F72652F627370F5
:10FD30005F73746D3332776C65352F6273705F73E8
:10FD4000756267687A2E63004C6F6B6F207625644E
:10FD50002E25642E25640D0A00466C61766F723A7A
:10FD600020484541440D0A0053657474696E6773F9
:10FD70003A0D0A00092E69735F64656275675F6FEB
:10FD80007574707574203D2025640D0A00092E6974
:10FD9000645F31203D20256C640D0A00092E6964E2
:10FDA0005F32203D20256C640D0A00092E6C6F72B5
:10FDB000615F6672657175656E63795F687A203D13
:10FDC00020256C640D0A00092E74785F706F7765CA
:10FDD00072203D20256C640D0A00092E69735F7046
:10FDE00032705F656E63727970746564203D2025A2
:10FDF000640D0A00092E69735F657874656E646529
:10FE0000645F7061636B6574203D2025640D0A009A
:10FE1000092E6175746F5F77616B6575705F7065D2
:10FE200072696F645F73203D20256C640D0A0009C0
:10FE30002E736176655F74726163655F6576657266
:10FE4000795F6E203D20256C640D0A00092E7365D4
:10FE50006E645F646174615F65766572795F6E2060
:10FE60003D20256C640D0A00092E676E73735F6D6B
:10FE70006F6465203D2025640D0A00092E69735FBB
:10FE80006C6F726177616E5F6D6F6465203D2025D8
:10FE9000640D0A00092E6C6F726177616E5F726586
:10FEA00067696F6E203D2025730D0A00092E646579
:10FEB000765F657569203D2000092E6170705F6571
:10FEC0007569203D20005265636F726420666F750E
:10FED0006E642025752C204944313D256C752C20FD
:10FEE0004944323D256C750D0A00232575202530C7
:10FEF00032752F253032752F25303275202530325E
:10FF0000753A253032753A2530327520252E376600
:10FF10002C20252E37662C2025752C2025752C208D
:10FF2000252E32660D0A00436F6D6D616E64206C84
:10FF30006973743A0D0A00202D2000726573657490
:10FF400020626F6F746C6F61646572001B5B303B85
:10FF500039346D536574202E6C6F72615F64657601
:10FF60005F657569001B5B303B39346D53657420E8
:10FF70002E6C6F72615F6170705F657569001B5BED
:10FF8000303B39346D536574202E6C6F72615F6144
:10FF900070705F6B6579001B5B303B39316D4D656F
:10FFA000737361676520776173207472756E636126
:10FFB0007465640D0A496E637265617365204C4F08
:10FFC000475F4D41585F4D4553534147455F4C4551
:10FFD0004E4754480D0A001B5B303B39376D4C6F60
:10FFE000726177616E2062617474657279206C65EC
:10FFF00076656C3A20256420283235343D3E313018
:020000040802F0
:1000000030252529001B5B303B39376D1B5B303BAE
:1000100039366D4D575F4C4F473A4D414320747808
:10002000446F6E650D0A001B5B303B39376D1B5BFF
:10003000303B39366D4D575F4C4F473A4D41432069
:100040007278446F6E650D0A001B5B303B39376D6B
:100050001B5B303B39366D4D575F4C4F473A4D4136
:100060004320747854696D654F75740D0A001B5BED
:10007000303B39376D1B5B303B39366D4D575F4C2C
:100080004F473A4D414320727854696D654F7574FE
:100090000D0A001B5B303B39376D232323232323B9
:1000A000203D3D3D3D3D3D3D3D3D3D204D4350537B
:1000B0002D496E6469636174696F6E203D3D3D3DFD
:1000C0003D3D3D3D3D3D001B5B303B39376D2323BE
:1000D0002323232320442F4C204652414D453A25CB
:1000E00030346C75207C20534C4F543A2573207C5F
:1000F00020504F52543A2564207C2044523A2564C3
:10010000207C20525353493A2564207C20534E5280
:100110003A2564001B5B303B39316D5258204D430A
:100120005053004E41434B001B5B303B39376D232E
:100130002323232323203D3D3D3D3D3D3D3D3D3D8E
:10014000204D4350532D436F6E6669726D203D3DC7
:100150003D3D3D3D3D3D3D3D3D3D3D001B5B303B1F
:1001600039376D23232323232320552F4C20465238
:10017000414D453A2530346C75207C20504F525407
:100180003A2564207C2044523A2564207C20505734
:10019000523A2564001B5B303B39346D4D4350535C
:1001A000001B5B303B39376D207C204D534720547A
:1001B0005950453A001B5B303B39376D434F4E4633
:1001C00049524D4544205B25735D001B5B303B3934
:1001D000376D554E434F4E4649524D4544004142BE
:1001E00050004F544141001B5B303B39326D23239B
:1001F00023232323203D204A4F494E4544203D20C0
:100200002573001B5B303B39316D232323232323CC
:10021000203D204A4F494E204641494C45443D002F
:100220001B5B303B39336D526573746F72652025EB
:100230006C75001B5B303B39326D4E6F206E65650F
:10024000642073617665206C6F726177616E206ED9
:10025000766D001B5B303B39326D53746F726520D5
:100260006E766D20256C75001B5B303B39376D4D0C
:100270004143205374617465206368616E676564EF
:10028000001B5B303B39316D54696D65722048410C
:100290004C5F5254435F536574416C61726D5F49AA
:1002A00054001B5B303B39376D1B5B303B39366D7F
:1002B0004D6F6465205B25735D203E3E3E205B25CF
:1002C000735D001B5B303B39376D53687574646F29
:1002D000776E001B5B303B39376D53687574646F04
:1002E000776E2077697468206B6565702077616B25
:1002F000657570001B5B303B39376D5368757464EE
:100300006F776E2077697468206175746F207761EC
:100310006B65757020616674657220256C7520733D
:100320006563002F6275696C64732F6C6F6B6F2D42
:10033000646576656C6F706D656E742F6C6F6B6F36
:100340002D6169722F436F72652F6273705F7374D2
:100350006D3332776C65352F6273705F7274632E04
:1003600063001B5B303B39316D43616E2774206540
:100370006E74657220746F2073687574646F776E25
:10038000206D6F6465001B5B303B39336D457261D6
:10039000736520706167652025752C20456D70742C
:1003A00079207265636F7264732025752C20496E05
:1003B00076616C6964207265636F72647320256472
:1003C000001B5B303B39326D4C6F616465642047C4
:1003D0004E535320547261636520696E666F3A20F4
:1003E0007265636F726420666F756E642025752C6C
:1003F00020506167652025752C20496E6465782042
:1004000025752C205265636F7264207065722070B0
:10041000616765202575001B5B303B39376D1B5BC1
:10042000303B39316D454E544552454420544F20A0
:1004300053554247485A204576656E743A202573D5
:10044000001B5B303B39356D53455454494E47537F
:100450003A20536574202E69645F31203D20256C5D
:1004600064283078256C5829001B5B303B39356D8A
:1004700053455454494E47533A20536574202E69CE
:10048000645F32203D20256C64283078256C582923
:10049000001B5B303B39356D53455454494E47532F
:1004A0003A20536574202E6C6F72615F66726571BD
:1004B00075656E63795F687A203D20256C6428300D
:1004C00078256C5829001B5B303B39356D534554FA
:1004D00054494E47533A20536574202E6175746F0A
:1004E0005F77616B6575705F706572696F645F736C
:1004F000203D20256C64283078256C5829001B5B32
:10050000303B39336D53455454494E47533A200DCF
:100510000A0D0A0D0A090921212153657474696EB7
:10052000677320726573657420746F2064656661FB
:10053000756C742121210D0A0D0A001B5B303B39BB
:10054000356D53455454494E47533A2053657420F2
:100550002E73656E645F646174615F657665727940
:100560005F6E203D20256C64283078256C5829006A
:100570001B5B303B39356D53455454494E47533A14
:1005800020536574202E736176655F7472616365B4
:100590005F65766572795F6E203D20256C6428303A
:1005A00078256C5829001B5B303B39356D53455419
:1005B00054494E47533A20536574202E69735F6C3B
:1005C0006F726177616E5F6D6F6465203D20256499
:1005D000001B5B303B39356D53455454494E4753EE
:1005E0003A20536574202E69735F7032705F656EB8
:1005F00063727970746564203D20256400417661E2
:10060000696C61626C6520726567696F6E733A0D23
:100610000A001B5B303B39356D53455454494E47F6
:10062000533A20536574202E6C6F726177616E5F50
:10063000726567696F6E5F6964203D202564001BE9
:100640005B303B39356D53455454494E47533A203E
:10065000536574202E64656275675F6F757470757D
:1006600074203D20256C64001B5B303B39356D5395
:10067000455454494E47533A20536574202E6973AC
:100680005F657874656E6465645F7061636B6574E3
:10069000203D202564001B5B303B39356D534554AC
:1006A00054494E47533A20536574202E676E737336
:1006B0005F6D6F6465203D202564001B5B303B3916
:1006C000356D53455454494E47533A205365742071
:1006D0002E74785F706F776572203D202564001B53
:1006E0005B303B39376D1B5B303B39366D4D575FA7
:1006F0004C4F473A232323232323204170704B651B
:10070000793A202020202020001B5B303B39376DB8
:100710001B5B303B39366D4D575F4C4F473A2323B7
:1007200023232323204E776B4B65793A202020200A
:100730002020001B5B303B39376D1B5B303B39366B
:100740006D4D575F4C4F473A2323232323232041EA
:100750007070534B65793A2020202020001B5B30BD
:100760003B39376D1B5B303B39366D4D575F4C4F16
:10077000473A232323232323204E776B534B65795A
:100780003A2020202020001B5B303B39376D1B5B5B
:10079000303B39366D4D575F4C4F473A2323232367
:1007A0002323204D43526F6F744B65793A202020EC
:1007B000001B5B303B39376D1B5B303B39366D4D71
:1007C000575F4C4F473A232323232323204D434B8A
:1007D000454B65793A2020202020001B5B303B39B7
:1007E000376D1B5B303B39366D4D575F4C4F473A89
:1007F000253032583A253032583A253032583A2589
:100800003032583A253032583A253032583A25306D
:1008100032583A253032583A253032583A2530325B
:10082000583A253032583A253032583A2530325825
:100830003A253032583A253032583A253032580D60
:100840000A0035563D25642C564241543D256C75B1
:100850002C4669783D25642C4C41543D25662C4C32
:100860004F4E3D25662C414C543D252E32662C4D75
:1008700050533D252E32662C50444F503D25302E8E
:1008800032662C48444F503D25302E32662C56445B
:100890004F503D25302E3266001B5B303B39336DA7
:1008A00055415254205258206572726F7273206302
:1008B0006F756E743A20474E535320257A752C205D
:1008C000434C4920257A75001B5B303B39326D4221
:1008D0007574746F6E207374617465206368616EE3
:1008E000676564202D202564001B5B303B39376D24
:1008F0001B5B303B39366D4D575F4C4F473A657245
:10090000726F723A20526567696F6E206973206E4C
:100910006F7420646566696E656420696E20746812
:1009200065204D573A20736574206C6F7261776152
:100930006E5F636F6E662E68206163636F726469B9
:100940006E676C790D0A001B5B303B39376D1B5BA2
:10095000303B39366D4D575F4C4F473A23232323A5
:100960002323204F544141202323232323230D0AF3
:10097000001B5B303B39376D1B5B303B39366D4DAF
:10098000575F4C4F473A23232323232320414250D0
:1009900020202323232323230D0A001B5B303B3914
:1009A000376D1B5B303B39366D4D575F4C4F473AC7
:1009B0002323232323232049447320202323232379
:1009C00023230D0A001B5B303B39376D1B5B303B2B
:1009D00039366D4D575F4C4F473A2323232323234A
:1009E000204465764575693A202020202020253056
:1009F00032583A253032583A253032583A2530327A
:100A0000583A253032583A253032583A2530325843
:100A10003A253032580D0A001B5B303B39376D1BCD
:100A20005B303B39366D4D575F4C4F473A2323239C
:100A3000232323204170704575693A20202020200F
:100A400020253032583A253032583A253032583A3B
:100A5000253032583A253032583A253032583A2526
:100A60003032583A253032580D0A001B5B303B3982
:100A7000376D1B5B303B39366D4D575F4C4F473AF6
:100A800023232323232320446576416464723A2080
:100A900020202020253032583A253032583A25304F
:100AA00032583A253032580D0A002F6275696C644D
:100AB000732F6C6F6B6F2D646576656C6F706D65F1
:100AC0006E742F6C6F6B6F2D6169722F436F72653F
:100AD0002F6273705F73746D3332776C65352F627C
:100AE00073705F636C6F636B732E63001B5B303BD3
:100AF00039326D0D0A0D0A0D0A0D0A0D0A0D0A0D87
:100B00000A0D0A0D0A0D0A0041707220313520329B
:100B10003032360031303A34313A3339001B5B30F1
:100B20003B39326D4C6F6B6F4169722056322053E6
:100B30007461727465642C202573202573204275BE
:100B4000696C642025642E25642E2564001B5B30AF
:100B50003B39326D4272616E63683A2048454144C8
:100B6000001B5B303B39326D426F6F746C6F616498
:100B700065722076657273696F6E3A2025642E2542
:100B8000642E2564001B5B303B39326D5265736502
:100B90007420726561736F6E3A202573001B5B30A1
:100BA0003B39326D4D4355204672657175656E63F4
:100BB000793A20256C644D487A001B5B303B393212
:100BC0006D497320355620436F6E6E65637465649E
:100BD0003A202564001B5B303B39326D0D0A001B47
:100BE0005B303B39326D4D656D6F7279206C617988
:100BF0006F7574207C205374617274204164647238
:100C0000207C2020456E64204164647220207C207A
:100C10002053697A652C204B42207C001B5B303BC3
:100C200039326D426F6F746C6F6164657220202081
:100C3000207C2030782530386C58207C2030782576
:100C400030386C58207C20202530386C75207C0092
:100C50001B5B303B39326D4170706C696361746944
:100C60006F6E2020207C2030782530386C58207C16
:100C70002030782530386C58207C20202530386C86
:100C800075207C001B5B303B39326D4C6F726157B5
:100C9000414E204E564D2020207C20307825303883
:100CA0006C58207C2030782530386C58207C2020EF
:100CB0002530386C75207C001B5B303B39326D472A
:100CC0004E5353205472616365202020207C2030D5
:100CD000782530386C58207C2030782530386C5896
:100CE000207C20202530386C75207C001B5B303B3D
:100CF00039326D53657474696E677320202020202B
:100D0000207C2030782530386C58207C20307825A5
:100D100030386C58207C20202530386C75207C00C1
:100D20001B5B303B39356D53455454494E47533A5C
:100D30002053657474696E6773207265636F7264A3
:100D400073207065722070616765202564001B5BED
:100D5000303B39336D53455454494E47533A20463E
:100D60006F756E642062616420636865636B737580
:100D70006D2073657474696E6773207265636F723A
:100D800064202564001B5B303B39356D534554545A
:100D9000494E47533A206C6F6164207375636365F5
:100DA000737366756C2C20696E6465782025640009
:100DB0001B5B303B39336D53455454494E47533ACE
:100DC000200D0A0D0A0D0A090921212153657474A9
:100DD000696E6773206E6F7420666F756E64206F26
:100DE0007220737472756374757265206368616EC6
:100DF0006765642C207573696E672064656661752C
:100E00006C742121210D0A0D0A001B5B303B393522
:100E10006D53455454494E47533A20536574746991
:100E20006E6773207061636B65742073697A6520E7
:100E300025642C207061636B65742073697A65206A
:100E40002564001B5B303B39356D53455454494E86
:100E500047533A20092E69645F31203D20256C6498
:100E6000001B5B303B39356D53455454494E475355
:100E70003A20092E69645F32203D20256C64001BF6
:100E80005B303B39356D53455454494E47533A20F6
:100E9000092E6C6F72615F6672657175656E63793C
:100EA0005F687A203D20256C64001B5B303B393540
:100EB0006D53455454494E47533A20092E61757479
:100EC0006F5F77616B6575705F706572696F645F86
:100ED00073203D20256C64001B5B303B39356D531E
:100EE000455454494E47533A20092E736176655F45
:100EF00074726163655F65766572795F6E203D200F
:100F0000256C64001B5B303B39356D5345545449A7
:100F10004E47533A20092E73656E645F64617461B5
:100F20005F65766572795F6E203D20256C64001BDD
:100F30005B303B39356D53455454494E47533A2045
:100F4000092E74785F706F776572203D20256C6480
:100F5000001B5B303B39356D53455454494E475364
:100F60003A20092E676E73735F6D6F6465203D20B4
:100F7000256C64001B5B303B39356D534554544937
:100F80004E47533A20092E69735F6C6F7261776127
:100F90006E5F6D6F6465203D202564001B5B303BF8
:100FA00039356D53455454494E47533A20092E6400
:100FB000656275675F6F7574707574203D20256C70
:100FC00064001B5B303B39356D53455454494E47E3
:100FD000533A20092E69735F7032705F656E6372D9
:100FE0007970746564203D202564001B5B303B39BB
:100FF000356D53455454494E47533A20092E697371
:101000005F657874656E6465645F7061636B657459
:10101000203D202564001B5B303B39356D53455422
:1010200054494E47533A20092E6C6F726177616EB6
:101030005F726567696F6E5F6964203D202564009B
:101040001B5B303B39376D092E6C6F72615F6465D5
:10105000765F657569001B5B303B39376D092E6C17
:101060006F72615F6170705F657569001B5B303B1B
:1010700039376D092E6C6F72615F6170705F6B65DF
:1010800079001B5B303B39376D092E7032705F6B16
:101090006579001B5B303B39376D57616B65757047
:1010A00020726561736F6E3A205265736574001B20
:1010B0005B303B39376D57616B65757020726561C8
:1010C000736F6E3A20506F776572204F6E001B5B16
:1010D000303B39376D57616B657570207265617390
:1010E0006F6E3A20427574746F6E001B5B303B3933
:1010F000376D57616B65757020726561736F6E3AFD
:101100002054696D6572001B5B303B39376D576148
:101110006B65757020726561736F6E3A204368610C
:1011200072676572001B5B303B39376D57616B65C9
:10113000757020726561736F6E3A20556E6B6E6FBD
:10114000776E20726561736F6E001B5B303B3937C1
:101150006D54582057616B652D757020636F756EE7
:101160007465722064697361626C6564001B5B3036
:101170003B39376D54582057616B652D757020636E
:101180006F756E74657220256C752C2054687265BD
:1011900073686F6C6420256C75001B5B303B3937BE
:1011A0006D474E53532054726163652057616B65E0
:1011B0002D757020636F756E74657220646973613C
:1011C000626C6564001B5B303B39376D475472615C
:1011D00063652057616B652D757020636F756E7444
:1011E000657220256C752C205468726573686F6C6D
:1011F0006420256C75001B5B303B39376D41707086
:101200006C69636174696F6E207374617274656474
:101210002E2E2E001B5B303B39376D53797374656E
:101220006D20696E69742C2056424154202564005B
:101230001B5B303B39376D4261747465727920767F
:101240006F6C7461676520256C75001B5B303B39E2
:10125000376D426174746572792063726974696371
:10126000616C206C6F772C207377697463682074CD
:101270006F207469636B6C652063686172676520B9
:101280006D6F6465001B5B303B39376D4261747470
:1012900065727920637269746963616C206C6F7721
:1012A0002C2073687574646F776E001B5B303B395C
:1012B000326D42617474657279206C6F772C206492
:1012C0006F206E6F7420656E61626C6520474E53AF
:1012D00053206D6F64756C652C206A757374207370
:1012E000656E64206C617465737420646174610060
:1012F0001B5B303B39326D474E535320706F77651F
:1013000072206F6E2E2E2E001B5B303B39326D47E4
:101310004E5353206D6F64652073657420746F2085
:10132000256400504D544B3030312C3838362C0069
:101330001B5B303B39316D474E5353206D6F6465F5
:10134000207365742074696D656F7574001B5B3064
:101350003B39326D474E53532066697865642C20C3
:1013600054696D6520746F206669783A20256C7524
:10137000206D73001B5B303B39326D474E53532059
:10138000646174612063617074757265643A2046AB
:101390006978206D6F64652025642C204C61742071
:1013A00025662C204C6F6E2025662C20416C742005
:1013B000252E32662C20537065656420252E3266FA
:1013C000206D7073001B5B303B39376D5361766560
:1013D00020474E53532054726163653A20256C7543
:1013E0002F256C752F256C7520256C753A256C752D
:1013F0003A256C752025662C202566001B5B303B4A
:1014000039326D42617474657279206C6F772C206B
:1014100064697361626C6520474E5353206D6F643D
:10142000756C652C206A7573742073656E64206C0E
:1014300061746573742064617461001B5B303B39B7
:10144000326D474E535320676F657320746F20735E
:101450006C656570206D6F6465001B5B303B3937D0
:101460006D1B5B303B39346D4461746120746F20B7
:1014700073656E643A202530326C752C2530336CE0
:10148000752C256C662C256C662C256C752C256CB2
:10149000752C256C75001B5B303B39376D53656EC1
:1014A000642E2E2E20417474656D707420256400A6
:1014B0001B5B303B39346D5458001B5B303B393279
:1014C0006D53454E4420524551554553542E2E2EB2
:1014D000001B5B303B39326D4E65787420547820A8
:1014E000696E20203A207E256C64207365636F6EE0
:1014F00064287329001B5B303B39316D4C6D4861AA
:101500006E646C657253656E642073746174757378
:101510003A202564001B5B303B39376D53656E64A0
:1015200020646F6E65001B5B303B39376D4C6F720A
:101530006157616E206465696E6974001B5B303BA6
:1015400039326D4C6F526120706F776572206F6E0B
:101550002E2E2E001B5B303B39346D53656E64209C
:1015600064617461001B5B303B39316D4661696CAD
:10157000656420746F2073656E64204C6F52612027
:101580006D657373616765001B5B303B39326D536A
:101590006B69702073656E6420646174612C2063D4
:1015A0006F756E74657220256C752C205468726599
:1015B00073686F6C6420256C75001B5B303B39329F
:1015C0006D53776974636820746F20436861726734
:1015D000696E67206D6F6465001B5B303B39326D4F
:1015E00053776974636820746F206F66662C205788
:1015F000616B657570207365742062757420657603
:101600006572795F6E20696E74657276616C7320A5
:101610006172656E277420736574001B5B303B3903
:10162000316D496620796F75207365652069742C6A
:101630002073687574646F776E2069732062726FAF
:101640006B656E001B5B303B39316D556E6B6E6F99
:10165000776E2073797374656D207374617465009F
:10166000415339323300415539313500434E343717
:101670003000434E37373900455534333300455534
:10168000383638004B5239323000494E3836350042
:1016900055533931350052553836340024504D54A5
:1016A0004B3838362C302A32380D0A0024504D542D
:1016B0004B3838362C312A32390D0A0024504D541B
:1016C0004B3838362C322A32410D0A0024504D5402
:1016D0004B3838362C332A32420D0A0024504D54F0
:1016E0004B3838362C342A32430D0A004253505FAF
:1016F00053544152545F524541534F4E5F504F57E0
:1017000045525F4F4E004253505F53544152545F15
:10171000524541534F4E5F5245534554004253503A
:101720005F53544152545F524541534F4E5F4255AF
:1017300054544F4E004253505F53544152545F52E1
:101740004541534F4E5F4348415247455200425333
:10175000505F53544152545F524541534F4E5F5472
:10176000494D45525F414C41524D005359535445E8
:101770004D5F53544154455F494E495400535953AA
:1017800054454D5F53544154455F5449434B4C4578
:101790005F4348415247455F4D4F444500535953BD
:1017A00054454D5F53544154455F574149545F463A
:1017B0004F525F4750535F46495800535953544561
:1017C0004D5F53544154455F53454E445F4441542B
:1017D000410053595354454D5F53544154455F4F55
:1017E0004E4C494E455F545241434B494E4700537E
:1017F000595354454D5F53544154455F53485554D4
:10180000444F574E0053595354454D5F5354415420
:10181000455F53485554444F574E5F4348415247E4
:10182000494E470068656C700072657365740052BC
:1018300065736574204D435500696E666F00507284
:10184000696E742073657474696E67730073657470
:10185000206964310045783A7365742069643120E9
:1018600031323300736574206964320045783A730D
:1018700065742069643220343536007365742066DF
:10188000726571004672657175656E637920696E67
:1018900020485A2C2045783A736574206672657129
:1018A000203836363030303030300077616B657537
:1018B0007020706572696F64004175746F20776184
:1018C0006B652D757020706572696F6420696E207C
:1018D0007365636F6E64732C2045783A77616B652E
:1018E000757020706572696F642036300073656EA4
:1018F00064206576657279005365742077616B6545
:10190000757020636F756E74206265666F726520F6
:1019100073656E6420646174612E2020303A206407
:10192000697361626C65642E2045783A73656E64F4
:101930002065766572792031300067747261636565
:10194000206576657279005365742077616B6575E3
:101950007020636F756E74206265666F72652077A4
:101960007269746520474E53532074726163652E0B
:1019700020303A2064697361626C65642E2045787A
:101980003A677472616365206576657279203130DB
:1019900000677472616365207072696E74005368C9
:1019A0006F7720616C6C20676E7373207472616353
:1019B00065730067747261636520657261736500A9
:1019C000457261736520616C6C20676E7373207261
:1019D00065636F72647300656E61626C65206C6F25
:1019E000726177616E206D6F646500456E61626C37
:1019F00065206F722064697361626C65204C6F5260
:101A00006157414E206D6F64652E2045783A656EB2
:101A100061626C65206C6F726177616E206D6F64BE
:101A200065203100736574206465762D65756900E5
:101A300053657420656E642D64657669636520491D
:101A4000454545204555492E2045783A7365742013
:101A50006465762D6575692030313233343536371B
:101A600038394142434445460073657420617070C3
:101A70002D65756900536574204170702F4A6F6938
:101A80006E2073657276657220494545452045553F
:101A9000492E2045783A736574206170702D657504
:101AA0006920303132333435363738394142434496
:101AB000454600736574206170702D6B6579005325
:101AC0006574204170706C69636174696F6E207217
:101AD0006F6F74206B6579204C6F526157414E20B7
:101AE0006B65792E2045783A736574206170702D8E
:101AF0006B657920303132333435363738394142ED
:101B00004344454630313233343536373839414233
:101B1000434445460073657420726567696F6E00C3
:101B2000536574204C6F526157414E204163746974
:101B3000766520526567696F6E2C2075736520226B
:101B400073657420726567696F6E203F2220746F21
:101B5000207072696E74206176616C626C652072AF
:101B60006567696F6E730070327020656E6372799D
:101B70007074696F6E00456E61626C65206F7220D3
:101B800064697361626C652070327020656E637287
:101B9000797074696F6E2E2045783A7032702065C6
:101BA0006E6372797074696F6E2031007365742092
:101BB0007032702D6B65790053657420506F696EBB
:101BC0007420746F20506F696E74203332626974B0
:101BD00020656E6372797074696F6E206B65792E03
:101BE0002045783A736574207032702D6B657920CA
:101BF0003031323334353637383941424344454643
:101C00003031323334353637383941424344454632
:101C10003031323334353637383941424344454622
:101C20003031323334353637383941424344454612
:101C300000646562756700456E61626C652064656D
:101C4000627567206F75747075742C2045783A64DE
:101C500065627567203100657874656E646564003F
:101C6000456E61626C6520657874656E646564209C
:101C70007061636B65742045783A657874656E644D
:101C8000656420310073657420676E7373206D6F17
:101C9000646500536574206E617669676174696F6D
:101CA0006E206D6F64652C20616C6C6F7765643A93
:101CB00020302D6E6F726D616C2C20312D66697431
:101CC0006E6573732C20322D6176696174696F6E55
:101CD0002C20332D62616C6C6F6F6E2C20342D7351
:101CE000746174696F6E6172792E2045783A207341
:101CF000657420676E7373206D6F646520310073A7
:101D0000657420747800536574206C6F7261205480
:101D10005820706F7765722E2045783A207365746D
:101D20002074782031300043204D756C74696361F4
:101D3000737400422050696E672D536C6F740042BB
:101D4000204D756C7469636173742050696E672DE2
:101D5000536C6F74001B5B303B39376D1B5B303B42
:101D600039366D4D575F4C4F473A4952515F525883
:101D70005F54585F54494D454F55540D0A001B5B45
:101D8000303B39376D1B5B303B39366D4D575F4CFF
:101D90004F473A505245204F4B0D0A001B5B303BDA
:101DA00039376D1B5B303B39366D4D575F4C4F47B4
:101DB0003A53594E43204F4B0D0A001B5B303B39C1
:101DC000376D1B5B303B39366D4D575F4C4F473A93
:101DD000484452204F4B0D0A001B5B303B39376D96
:101DE0001B5B303B39366D4D575F4C4F473A48448B
:101DF00052204B4F0D0A001B5B303B39376D1B5B8C
:101E0000303B39366D4D575F4C4F473A4952515F21
:101E10004352435F4552524F520D0A001B5B303B09
:101E200039376D1B5B303B39366D4D575F4C4F4733
:101E30003A52585F2573206F6E20667265712025B7
:101E40006420487A2061742044522025640D0A00E1
:101E50001B5B303B39376D1B5B303B39366D4D5763
:101E60005F4C4F473A5258206F6E20667265712062
:101E7000256420487A2061742044522025640D0A8C
:101E8000001B5B303B39376D1B5B303B39366D4D8A
:101E9000575F4C4F473A5458206F6E2066726571F9
:101EA00020256420487A2061742044522025640D46
:101EB0000A001B5B303B39356D53455454494E473E
:101EC000533A2045726173652073657474696E6757
:101ED00073001B5B303B39376D5772697465206F37
:101EE000666673657420307825582C2073697A658E
:101EF0002030782578001B5B303B39356D534554D5
:101F000054494E47533A20736176652C206964200A
:101F10002564001B5B303B39316D53657474696E09
:101F2000677320436F6D70617265206661696C65CF
:101F300064206166746572207772697465001B5B4A
:101F4000303B39356D53455454494E47533A206E12
:101F50006F206E6565642073617665001B5B303BA6
:101F600039316D0D0A466174616C206572726F7251
:101F7000212025733A2564202D2025642C202573EB
:101F8000001B5B303B39316D52657365742073798A
:101F90007374656D001B5B303B39376D5057525F72
:101FA0005352315F57554633001B5B303B39376D19
:101FB0005057525F57414B4555505F50494E335F24
:101FC0004C4F57001B5B303B39376D5057525F53B6
:101FD00052315F57554649004D756C74695F430037
:101FE0004D756C74695F5000244750474741002489
:101FF000474E474741002447504753410024474E2E
:10200000475341002447504753560024474E4753F7
:102010005600244750524D430024474E524D430032
:102020001B5B303B39316D4572726F7220666C619B
:1020300073682077726974653A20616464726573AD
:1020400073206E6F7420616C69676E656420746FB5
:102050002038002F6275696C64732F6C6F6B6F2D65
:10206000646576656C6F706D656E742F6C6F6B6FE9
:102070002D6169722F436F72652F6273705F737485
:102080006D3332776C65352F6273705F73746D33A7
:1020900032776C78785F69742E63004E4D495F48E3
:1020A000616E646C657200486172644661756C743F
:1020B0005F48616E646C6572004D656D4D616E6167
:1020C00067655F48616E646C657200427573466156
:1020D000756C745F48616E646C65720055736167FE
:1020E000654661756C745F48616E646C6572001B57
:1020F0005B303B39316D4572726F7220666C617373
:10210000682065726173653A207061676520257586
:102110002C206572726F7220256C75001B5B303B42
:1021200039316D57726F6E6720657261736520700B
:102130006167652025750025735B25755D3A002074
:1021400025303258002F6275696C64732F6C6F6B89
:102150006F2D646576656C6F706D656E742F6C6F36
:102160006B6F2D6169722F436F72652F6273705FA1
:1021700073746D3332776C65352F6273705F616491
:10218000632E63001B5B303B39316D4E6F20414441
:102190004320696E746572727570740034000000BB
:1021A000CEFBFFFFCB030000010000000000000099
:1021B00035000000CEFBFFFFCB0300000100000054
:1021C0000000000000000000BC89D897B2D29C3CFF
:1021D00033A7A8D523F649393DA7F444FD0FA5320E
:1021E0009D978CCF08BA5B25436FAC6428066811B5
:1021F00005000000190000007D0000000000000044
:102200000080E03779C34143176E05B5B5B89346F2
:10221000F5F93FE9034F384D321D30F94877825ABE
:102220003CBF737FDD4F1575000000000000F03FDC
:1022300000000000000024400000000000005940A1
:102240000000000000408F40000000000088C340F4
:1022500000000000006AF8400000000080842E4169
:1022600000000000D01263410000000084D79741B5
:102270000000000065CDCD41000000205FA00242BB
:10228000000000E876483742000000A2941A6D4230
:10229000000040E59C30A2420000901EC4BCD64223
:1022A00000003426F56B0C430080E03779C34143CE
:1022B00000A0D8855734764300C84E676DC1AB4344
:1022C000003D9160E458E143408CB5781DAF154462
:1022D00050EFE2D6E41A4B4492D54D06CFF080443D
:1022E000F64AE1C7022DB544B49DD9794378EA4452
:1022F00000202020202020202020282828282820D6
:1023000020202020202020202020202020202020CD
:102310002088101010101010101010101010101035
:102320001004040404040404040404101010101025
:1023300010104141414141410101010101010101EF
:102340000101010101010101010101011010101041
:1023500010104242424242420202020202020202C1
:102360000202020202020202020202021010101015
:10237000200000000000000000000000000000003D
:10238000000000000000000000000000000000004D
:10239000000000000000000000000000000000003D
:1023A000000000000000000000000000000000002D
:1023B000000000000000000000000000000000001D
:1023C000000000000000000000000000000000000D
:1023D00000000000000000000000000000000000FD
:1023E00000000000000000000000000000000000ED
:0423F00000000000E9
:1023F4000080E1010101010101010101010101016B
:10240400002B7E151628AED2A6ABF7158809CF4F40
:102414003C012B7E151628AED2A6ABF7158809CF42
:102424004F3C022B7E151628AED2A6ABF7158809B1
:10243400CF4F3C032B7E151628AED2A6ABF71588DA
:1024440009CF4F3C04000000000000000000000021
:1024540000000000007F00000000000000000000F9
:1024640000000000000080000000000000000000E8
:1024740000000000000000810000000000000000D7
:1024840000000000000000008200000000000000C6
:1024940000000000000000000083000000000000B5
:1024A4000000000000000000000000000000000028
:0824B4006C5DFE7F01000000D9
:0424BC00A9930008D8
:0424C00081930008FC
:1024C400205D111C20E2E01C5100000020C7291CE3
:1024D400204CF91C510000002031421C20B6111D73
:1024E40051000000209B5A1C20202A1D510000008E
:1024F400A0F40B1E208A421D51000000A05E241E81
:1025040020F45A1D51000000A0C83C1E205E731D1B
:1025140051000000A032551E20C88B1D5100000040
:1025240060B19A1C60B19A1C5100000060DECB1DA2
:1025340060DECB1D510000006035081C20F45A1DDC
:1025440051000000E0B9261C20F45A1D510000007F
:10255400603E451C20F45A1D51000000E0C2631C7B
:1025640020F45A1D510000006047821C20F45A1DBB
:1025740051000000E0CBA01CA08AF31D5100000014
:102584006050BF1CA08AF31D51000000E0D4DD1C84
:10259400A08AF31D510000006059FC1CA08AF31DA1
:1025A40051000000E0DD1A1DA08AF31D5100000057
:1025B4000000000094010020000000000000000062
:1025C400FF00000000000000940100200000000053
:1025D40000000000000000000000000000000000F7
:1025E4009401002000FF0000000000005C040020B3
:1025F400499500089DB2000889B20008BDB20008E0
:10260400D1B20008000000000000000000093D00F5
:102614000081828001030284E0000000B597000875
:102624001D970008299700080DED00080000000020
:1026340000000000F99B0008459500083597000844
:102644000000000000000000000000000000000086
:102654000100000000000000000000000000000075
:1026640000000000000000000A0000014DAA00085C
:102674000000000055970008CD930008FDAC000849
:1026840025AD00086DAD000800000000000000004A
:10269400C5AC000835AC0008B1AB00080000000070
:1026A4000000000000000000000000000000000026
:1026B4000000000000000000050001000000000010
:1026C400000000000400000000000000681000008A
:1026D40005FF00000024014000000040000000004D
:1026E40000000000000020000400000000000000C2
:1026F40002000000000000000000000000000000D4
:1027040000000000000000000600000006000000B9
:1027140000000000000000000000000000000000B5
:1027240000000000000000000000000000000000A5
:102734000000000000000000430000000000000052
:102744000000000000000000000000000000000085
:102754000000000000000000430000000000000032
:102764000000000000000000000000000000000065
:102774000000000000000000430000000000000012
:102784000000000000000000000000000000000045
:1027940000000000000000004300000000000000F2
:1027A4000000000000000000000000000000000025
:1027B40000000000000000004300000000000000D2
:1027C4000000000000000000000000000000000005
:1027D40000000000000000004300000000000000B2
:1027E40000000000000000000000000000000000E5
:1027F4000000000000000000430000000000000092
:1028040000000000000000000000000000000000C4
:10281400000000000000000015C0010845C30108C5
:1028240000000000F0220208CF140208070B02087F
:10283400070B0208070B0208070B0208070B020824
:10284400070B0208070B0208070B0208070B020814
:10285400FFFFFFFFFFFFFFFFFFFFFFFFFFFF000082
:1028640001004153434949000000000000000000FA
:102874000000000000000000000000000000000054
:1028840000004153434949000000000000000000DB
:102894000000000000000000000000000000000034
:1028A40000000000E8030020000000006C37002056
:1028B400D43700203C380020000000000000000055
:1028C4000000000000000000000000000000000004
:1028D40000000000000000000000000000000000F4
:1028E40000000000000000000000000000000000E4
:1028F4000000000000000000030000006C3700200E
:0429040078563412BB
:040000050801A4DD6D
:00000001FF
